Date,Close,High,Low,Open,Volume,return,log_return,vol_20,vol_60,rsi_14,macd,macd_signal,macd_hist,cum_return,rolling_max,drawdown,macd_up,macd_down,signal,position,asset_return,strategy_return,trade,cost,net_return,equity,equity_peak
2025-01-02,20.21999931335449,20.43000030517578,20.0,20.229999542236328,46438500.0,0.0084788071203369,0.0084430639328605,0.0254297058731186,0.028412777166572,50.86804198814528,-0.720330992195251,-0.826441578576028,0.1061105863807769,0.8182707800821241,2.512412686663086,,False,False,0,0.0,,,,,,,
2025-01-03,20.559999465942383,20.670000076293945,20.059999465942383,20.38999938964844,48983900.0,0.0168150427365909,0.0166752349778036,0.0255131631636385,0.0279444521206701,47.97793086425293,-0.6437214485080816,-0.7898975525624388,0.1461761040543572,0.8320300382193085,2.512412686663086,0.0,False,False,0,0.0,0.016815042736590957,0.0,0.0,0.0,0.0,1.0,1.0
2025-01-06,19.8700008392334,20.979999542236328,19.780000686645508,20.82999992370605,83271000.0,-0.0335602453614829,-0.0341363158114691,0.0238411103903241,0.0282246201686295,45.86995369735642,-0.6314064947754581,-0.7581993410050427,0.1267928462295846,0.8041069059885445,2.512412686663086,0.0,False,False,0,0.0,-0.03356024536148294,-0.0,0.0,0.0,-0.0,1.0,1.0
2025-01-07,20.01000022888184,20.34000015258789,19.89999961853028,20.020000457763672,61726100.0,0.0070457666701257,0.0070210612340853,0.0238647354560908,0.0282312389956804,42.32210045512058,-0.6033944686622661,-0.7272383665364874,0.1238438978742213,0.8097724556259766,2.512412686663086,0.0,False,False,0,0.0,0.007045766670125797,0.0,0.0,0.0,0.0,1.0,1.0
2025-01-08,19.8799991607666,20.1200008392334,19.709999084472656,19.82999992370605,47897100.0,-0.0064968049289474,-0.0065180010205474,0.0238753817239907,0.028150719692922,44.48817744643657,-0.5849418898914678,-0.6987790712074835,0.1138371813160157,0.8045115219449398,2.512412686663086,0.0,False,False,0,0.0,-0.006496804928947442,-0.0,0.0,0.0,-0.0,1.0,1.0
2025-01-10,19.14999961853028,19.65999984741211,18.90999984741211,19.65999984741211,71244600.0,-0.0367203004553937,-0.0374114633069027,0.0242572198604398,0.0284952664677034,48.39400839315074,-0.6220523185555145,-0.6834337206770897,0.0613814021215752,0.7749696171392955,2.512412686663086,0.0,False,False,0,0.0,-0.03672030045539354,-0.0,0.0,0.0,-0.0,1.0,1.0
2025-01-13,19.200000762939453,19.25,18.729999542236328,18.920000076293945,50669000.0,0.0026110258697233,0.0026076230636,0.0242819648815465,0.0282236008880404,51.56251396983409,-0.640049830136526,-0.674756942568977,0.0347071124324509,0.7769930828578958,2.512412686663086,0.0,False,False,0,0.0,0.0026110258697231714,0.0,0.0,0.0,0.0,1.0,1.0
2025-01-14,19.200000762939453,19.520000457763672,18.81999969482422,19.36000061035156,47147500.0,0.0,0.0,0.0228703463840884,0.0281726876895413,46.01990474645077,-0.646856429464826,-0.6691768399481468,0.0223204104833207,0.7769930828578958,2.512412686663086,0.0,False,False,0,0.0,0.0,0.0,0.0,0.0,0.0,1.0,1.0
2025-01-15,19.71999931335449,19.770000457763672,19.170000076293945,19.39999961853028,56306000.0,0.0270832567579244,0.0267229955845715,0.0234670422974641,0.0284068645039769,43.78236255349591,-0.6033362861195322,-0.6560087291824239,0.0526724430628917,0.7980365860200674,2.512412686663086,0.0,False,False,0,0.0,0.027083256757924445,0.0,0.0,0.0,0.0,1.0,1.0
2025-01-16,19.670000076293945,19.950000762939453,19.39999961853028,19.75,44898100.0,-0.0025354583570742,-0.0025386780750729,0.0226944187954955,0.0283246043483902,40.16172880888868,-0.5663522236501883,-0.6380774280759768,0.0717252044257884,0.7960131974887918,2.512412686663086,0.0,False,False,0,0.0,-0.0025354583570742495,-0.0,0.0,0.0,-0.0,1.0,1.0
2025-01-17,21.489999771118164,21.6200008392334,20.790000915527344,21.26000022888184,166483900.0,0.0925266745177932,0.088493063724135,0.0307442678051006,0.0308409353866224,59.562838302632784,-0.3857367890953505,-0.5876093002798516,0.2018725111845011,0.8696656515247052,2.512412686663086,0.0,False,False,0,0.0,0.09252667451779328,0.0,0.0,0.0,0.0,1.0,1.0
2025-01-21,21.770000457763672,22.40999984741211,21.75,22.030000686645508,96262200.0,0.0130293480515444,0.0129451962699276,0.0275065783348904,0.0307905927304751,63.05507937690991,-0.2174968720439665,-0.5135868146326745,0.296089942588708,0.8809968279868937,2.512412686663086,0.0,False,False,0,0.0,0.013029348051544432,0.0,0.0,0.0,0.0,1.0,1.0
2025-01-22,21.86000061035156,22.290000915527344,21.56999969482422,21.729999542236328,60972600.0,0.004134136458219,0.0041256143955972,0.0271570720874366,0.0306961667478526,69.465665526625,-0.076026875036085,-0.4260748267133566,0.3500479516772716,0.8846389890930496,2.512412686663086,0.0,False,False,0,0.0,0.004134136458219029,0.0,0.0,0.0,0.0,1.0,1.0
2025-01-23,21.56999969482422,21.75,21.350000381469727,21.690000534057617,55778200.0,-0.0132662812182179,-0.0133550644164168,0.0272185126826412,0.0306726532092131,64.33962902423633,0.0125438686748751,-0.3383510876357103,0.3508949563105854,0.8729031194871412,2.512412686663086,0.0,False,False,0,0.0,-0.013266281218217935,-0.0,0.0,0.0,-0.0,1.0,1.0
2025-01-24,20.82999992370605,21.40999984741211,20.75,21.36000061035156,66300600.0,-0.0343068976164951,-0.0349091946427213,0.0276633675342139,0.0309180920680229,55.19591755833337,0.0227626306535242,-0.2661283439778634,0.2888909746313877,0.8429565215377766,2.512412686663086,0.0,False,False,0,0.0,-0.03430689761649519,-0.0,0.0,0.0,-0.0,1.0,1.0
2025-01-27,20.290000915527344,21.059999465942383,20.13999938964844,20.809999465942383,83582100.0,-0.0259241003435698,-0.0262660526503659,0.0282705797753734,0.0310461975420261,47.77595841161478,-0.0125674639547099,-0.2154161679732327,0.2028487040185227,0.8211036320881646,2.512412686663086,0.0,False,False,0,0.0,-0.025924100343569845,-0.0,0.0,0.0,-0.0,1.0,1.0
2025-01-28,19.799999237060547,20.34000015258789,19.739999771118164,20.34000015258789,73411400.0,-0.0241499091353817,-0.0244462997916259,0.0287784225104317,0.0311825906919256,49.40373430864796,-0.0791929715288262,-0.1881715286843514,0.1089785571555252,0.8012740539825035,2.512412686663086,0.0,False,False,0,0.0,-0.02414990913538173,-0.0,0.0,0.0,-0.0,1.0,1.0
2025-01-29,19.75,20.07999992370605,19.65999984741211,19.8700008392334,86506800.0,-0.0025252140902591,-0.0025284078210625,0.0287500249968171,0.0310198690068341,47.75086333914663,-0.134478502396238,-0.1774329234267287,0.0429544210304907,0.7992506654512278,2.512412686663086,0.0,False,False,0,0.0,-0.002525214090259187,-0.0,0.0,0.0,-0.0,1.0,1.0
2025-01-30,20.01000022888184,20.100000381469727,19.43000030517578,19.71999931335449,108167000.0,0.0131645685509791,0.0130786686868842,0.0283994655644163,0.0307622343899993,51.09983986016653,-0.1555200994625138,-0.1730503586338858,0.0175302591713719,0.8097724556259762,2.512412686663086,0.0,False,False,0,0.0,0.013164568550979139,0.0,0.0,0.0,0.0,1.0,1.0
2025-01-31,19.43000030517578,20.32999992370605,19.3799991607666,20.100000381469727,117081700.0,-0.0289855031020391,-0.029413880938244,0.0290337532358348,0.0291769450656504,52.43056141943818,-0.2165011725654899,-0.1817405214202066,-0.0347606511452832,0.7863007936014836,2.512412686663086,0.0,False,True,-1,0.0,-0.02898550310203918,-0.0,0.0,0.0,-0.0,1.0,1.0
2025-02-03,19.3799991607666,19.75,18.780000686645508,18.96999931335449,77523100.0,-0.0025733990542378,-0.0025767159372485,0.0289453013657675,0.028964493160079,51.56248603016193,-0.2657998120427365,-0.1985523795447126,-0.0672474324980238,0.7842773278828832,2.512412686663086,0.0,False,False,0,0.0,-0.0025733990542378127,-0.0,0.0,0.0,-0.0,1.0,1.0
2025-02-04,19.290000915527344,19.530000686645508,19.020000457763672,19.100000381469727,54098200.0,-0.0046438725044659,-0.0046546887796443,0.0286174892709993,0.0285414856712795,50.76923227404271,-0.3085743917429404,-0.2205567819843581,-0.0880176097585822,0.7806352439640518,2.512412686663086,0.0,False,False,0,0.0,-0.004643872504465962,-0.0,0.0,0.0,-0.0,1.0,1.0
2025-02-05,19.64999961853028,19.770000457763672,18.90999984741211,19.190000534057617,66059200.0,0.018662451317623,0.0184904445231746,0.028040218798263,0.0268547147682767,49.3848882977262,-0.3098528765477901,-0.2384160008970445,-0.0714368756507455,0.7952038112013516,2.512412686663086,0.0,False,False,0,0.0,0.01866245131762323,0.0,0.0,0.0,0.0,1.0,1.0
2025-02-06,19.3799991607666,19.700000762939453,19.21999931335449,19.51000022888184,45553800.0,-0.0137404815778754,-0.0138357557435302,0.0281428057474592,0.0260407278453539,47.54652349395297,-0.3288619495749287,-0.2565051906326214,-0.0723567589423073,0.7842773278828832,2.512412686663086,0.0,False,False,0,0.0,-0.013740481577875663,-0.0,0.0,0.0,-0.0,1.0,1.0
2025-02-07,19.100000381469727,19.36000061035156,19.030000686645508,19.350000381469727,58277900.0,-0.0144478220547972,-0.0145532081337012,0.0282769185331094,0.0260665684129284,22.65446254219524,-0.3623434683910993,-0.277672846184317,-0.0846706222067823,0.7729462286080194,2.512412686663086,0.0,False,False,0,0.0,-0.014447822054797221,-0.0,0.0,0.0,-0.0,1.0,1.0
2025-02-10,19.770000457763672,20.07999992370605,19.239999771118164,19.25,73007300.0,0.0350785373252642,0.0344773053121638,0.0281449144972076,0.0260591508945275,28.991589230689115,-0.3309988577490834,-0.2883380484972703,-0.0426608092518131,0.800060051738668,2.512412686663086,0.0,False,False,0,0.0,0.035078537325264225,0.0,0.0,0.0,0.0,1.0,1.0
2025-02-11,20.96999931335449,21.8799991607666,19.86000061035156,19.8700008392334,150960700.0,0.0606979680225336,0.0589271518326603,0.0310616198871536,0.0270050372825542,42.41906517774257,-0.2069426431790155,-0.2720589674336193,0.0651163242546037,0.8486220711752084,2.512412686663086,0.0,True,False,0,0.0,0.06069796802253369,0.0,0.0,0.0,0.0,1.0,1.0
2025-02-12,22.479999542236328,22.559999465942383,20.93000030517578,21.979999542236328,162631200.0,0.0720076432201031,0.0695331924926918,0.0344559444512574,0.0283314191772082,56.41749166038952,0.0130665761605186,-0.2150338587147917,0.2281004348753104,0.9097293465050976,2.512412686663086,0.0,False,False,0,0.0,0.07200764322010311,0.0,0.0,0.0,0.0,1.0,1.0
2025-02-13,24.1299991607666,24.82999992370605,22.790000915527344,22.84000015258789,248661300.0,0.0733985610377876,0.0708298401949338,0.037218818833032,0.0299233119928865,70.62500506639721,0.3169134659969224,-0.1086443937724489,0.4255578597693713,0.9765021714724188,2.512412686663086,0.0,False,False,-1,0.0,0.07339856103778764,0.0,0.0,0.0,0.0,1.0,1.0
2025-02-14,23.600000381469727,25.190000534057617,22.86000061035156,24.36000061035156,230254100.0,-0.0219643098934959,-0.0222091166617355,0.0378331414596441,0.0298512153740315,70.71339888027356,0.509079491696955,0.0149003833214318,0.4941791083755231,0.9550539751665268,2.512412686663086,0.0,False,False,-1,0.0,-0.02196430989349596,-0.0,0.0,0.0,-0.0,1.0,1.0
2025-02-18,27.38999938964844,27.549999237060547,24.489999771118164,24.600000381469727,284292200.0,0.1605931757168339,0.1489312327957139,0.0474938448022245,0.0362794924027216,83.61383820267842,0.9561715467673936,0.2031546160106242,0.7530169307567692,1.1084291260195058,2.512412686663086,0.0,False,False,-1,0.0,0.16059317571683396,0.0,0.0,0.0,0.0,1.0,1.0
2025-02-19,25.71999931335449,26.32999992370605,25.459999084472656,25.979999542236328,151881700.0,-0.0609711615008322,-0.0629090883187797,0.0503079644939806,0.0370175152515565,73.12161901617104,1.162341423750501,0.3949919775585996,0.7673494461919014,1.040846914764744,2.512412686663086,0.0,False,False,-1,0.0,-0.06097116150083226,-0.0,0.0,0.0,-0.0,1.0,1.0
2025-02-20,26.09000015258789,26.1200008392334,24.479999542236328,25.559999465942383,144939600.0,0.0143857250820877,0.0142832323246873,0.050302513029181,0.0370319320526933,73.34870346386072,1.340140210000893,0.5840216240470584,0.7561185859538346,1.055820252333089,2.512412686663086,0.0,False,False,-1,0.0,0.014385725082087797,0.0,0.0,0.0,0.0,1.0,1.0
2025-02-21,24.8700008392334,26.290000915527344,24.84000015258789,25.959999084472656,111630900.0,-0.0467611846002031,-0.0478898134370355,0.0516580714150727,0.0375002861420736,69.912162787668,1.3668471177072448,0.7405867227790957,0.6262603949281491,1.0064488466091084,2.512412686663086,0.0,False,False,0,0.0,-0.046761184600203176,-0.0,0.0,0.0,-0.0,1.0,1.0
2025-02-24,24.270000457763672,24.799999237060547,23.6200008392334,24.549999237060547,91358100.0,-0.0241254668766718,-0.0244212529603151,0.051264247201796,0.0376390539852586,67.20620542275171,1.324331449522813,0.857335668127839,0.4669957813949736,0.9821677982971758,2.512412686663086,0.0,False,False,0,0.0,-0.02412546687667183,-0.0,0.0,0.0,-0.0,1.0,1.0
2025-02-25,22.989999771118164,24.280000686645508,22.770000457763672,24.209999084472656,88886500.0,-0.0527400355378259,-0.0541817097804289,0.052556260580364,0.0382081438223042,62.01298657065185,1.173821039907757,0.9206327424838228,0.2531882974239345,0.9303682337108744,2.512412686663086,0.0,False,False,0,0.0,-0.05274003553782591,-0.0,0.0,0.0,-0.0,1.0,1.0
2025-02-26,23.520000457763672,23.81999969482422,23.209999084472656,23.25,67449300.0,0.0230535316190536,0.0227918136737894,0.0521173457104943,0.0380883991436286,62.42775012577843,1.0848021579200164,0.9534666255710617,0.1313355323489549,0.9518165072040912,2.512412686663086,0.0,False,False,0,0.0,0.023053531619053658,0.0,0.0,0.0,0.0,1.0,1.0
2025-02-27,23.09000015258789,24.39999961853028,23.06999969482422,23.700000762939453,97871900.0,-0.0182823255445067,-0.0184515125183657,0.0524328605726519,0.0381014410154741,61.79275762760715,0.9683935832099592,0.9564520170988412,0.011941566111118,0.9344150879607508,2.512412686663086,0.0,False,False,0,0.0,-0.018282325544506706,-0.0,0.0,0.0,-0.0,1.0,1.0
2025-02-28,23.729999542236328,24.440000534057617,22.63999938964844,23.020000457763672,104133800.0,0.027717600061458,0.0273404211823664,0.0525931147800952,0.0382067170844994,64.3878174820079,0.917208541990732,0.9486033220772194,-0.0313947800864875,0.960314831660239,2.512412686663086,0.0,False,True,-1,0.0,0.02771760006145807,0.0,0.0,0.0,0.0,1.0,1.0
2025-03-03,22.739999771118164,25.040000915527344,22.520000457763672,25.0,141348700.0,-0.041719333763833,-0.042614572899942,0.053161598551181,0.0385880387902056,59.04935919005667,0.7876794420062296,0.9164185460630214,-0.1287391040567918,0.9202511366798464,2.512412686663086,0.0,False,False,0,0.0,-0.04171933376383308,-0.0,0.0,0.0,-0.0,1.0,1.0
2025-03-04,21.32999992370605,22.6299991607666,20.76000022888184,22.540000915527344,152182200.0,-0.0620052709588387,-0.0640109493508043,0.0554644039614779,0.0386148172573987,51.083034396773975,0.5647415047090725,0.8460831377922317,-0.2813416330831592,0.8631907155998331,2.512412686663086,0.0,False,False,0,0.0,-0.06200527095883879,-0.0,0.0,0.0,-0.0,1.0,1.0
2025-03-05,20.809999465942383,21.36000061035156,20.18000030517578,21.32999992370605,127219300.0,-0.0243788307371601,-0.0246809141643873,0.0558419228650397,0.0386320630452745,44.65770900203926,0.3421577109970037,0.7452980524331861,-0.4031403414361824,0.8421471352503366,2.512412686663086,0.0,False,False,0,0.0,-0.024378830737160184,-0.0,0.0,0.0,-0.0,1.0,1.0
2025-03-06,20.75,21.1299991607666,20.0,20.26000022888184,96466400.0,-0.002883203627207,-0.0028873680653265,0.0557767945243307,0.0380117582674677,37.96296510135916,0.1590831834722337,0.6280550786409957,-0.468971895168762,0.8397190535753407,2.512412686663086,0.0,False,False,0,0.0,-0.002883203627207065,-0.0,0.0,0.0,-0.0,1.0,1.0
2025-03-07,20.63999938964844,21.200000762939453,20.11000061035156,20.270000457763672,81099600.0,-0.00530123423381,-0.0053153356346422,0.0556661732060504,0.0380133396630194,39.13362404760363,0.0050608333495958,0.5034562295827159,-0.49839539623312,0.8352675061817446,2.512412686663086,0.0,False,False,0,0.0,-0.005301234233810015,-0.0,0.0,0.0,-0.0,1.0,1.0
2025-03-10,19.93000030517578,20.51000022888184,19.64999961853028,20.239999771118164,82760600.0,-0.0343991814664851,-0.0350047615049797,0.0562010751050494,0.0382729408017497,14.611013109672925,-0.1723077250046962,0.3683034386652334,-0.5406111636699298,0.8065349876635403,2.512412686663086,0.0,False,False,0,0.0,-0.03439918146648513,-0.0,0.0,0.0,-0.0,1.0,1.0
2025-03-11,19.780000686645508,20.059999465942383,19.290000915527344,19.96999931335449,80789000.0,-0.0075263229419679,-0.007554788628389,0.0557495541146537,0.0380670756425407,17.073180015216536,-0.3212738559627013,0.2303879797396465,-0.5516618357023478,0.8004647448823883,2.512412686663086,0.0,False,False,0,0.0,-0.007526322941967978,-0.0,0.0,0.0,-0.0,1.0,1.0
2025-03-12,20.68000030517578,21.170000076293945,20.209999084472656,20.790000915527344,128671100.0,0.0455004846960349,0.0444957034885811,0.0549978510109286,0.0385083130833256,21.675391206223352,-0.3625291302383502,0.1118045577440472,-0.4743336879823974,0.8368862787566249,2.512412686663086,0.0,False,False,0,0.0,0.04550048469603496,0.0,0.0,0.0,0.0,1.0,1.0
2025-03-13,23.700000762939453,24.530000686645508,23.1299991607666,23.5,243261000.0,0.1460348362281129,0.1363080159353455,0.0620852180067075,0.042638324799814,44.84581481510735,-0.149808535045949,0.0594819391860479,-0.2092904742319969,0.9591008294164036,2.512412686663086,0.0,False,False,0,0.0,0.14603483622811297,0.0,0.0,0.0,0.0,1.0,1.0
2025-03-14,24.049999237060547,24.3700008392334,23.520000457763672,23.68000030517578,116901600.0,0.0147678676309748,0.0146598844960923,0.0600041807616774,0.0425445983289014,49.00900337411738,0.0464802259041476,0.0568815965296679,-0.0104013706255202,0.9732647035099832,2.512412686663086,0.0,False,False,0,0.0,0.014767867630974818,0.0,0.0,0.0,0.0,1.0,1.0
2025-03-17,25.690000534057617,26.14999961853028,24.3700008392334,24.420000076293945,160723600.0,0.0681913242836973,0.0659668670816175,0.0615199355140644,0.0432783562976888,61.78010898184856,0.3305643417832904,0.1116181455803924,0.218946196202898,1.039632912520909,2.512412686663086,0.0,True,False,0,0.0,0.06819132428369734,0.0,0.0,0.0,0.0,1.0,1.0
2025-03-18,25.920000076293945,26.40999984741211,25.38999938964844,25.549999237060547,132488800.0,0.0089528819562076,0.0089130425171801,0.0496601095275151,0.0431752664760354,60.75268844770335,0.5677177938694662,0.2028380752382071,0.364879718631259,1.048940623264497,2.512412686663086,0.0,False,False,0,0.0,0.008952881956207692,0.0,0.0,0.0,0.0,1.0,1.0
2025-03-19,24.1200008392334,25.229999542236328,24.030000686645508,24.89999961853028,135491400.0,-0.0694444148056465,-0.0719734677744412,0.0502259780194603,0.0435351760775268,54.11013944046324,0.6034623793695388,0.2829629360644735,0.3204994433050653,0.976097555516024,2.512412686663086,0.0,False,False,0,0.0,-0.06944441480564656,-0.0,0.0,0.0,-0.0,1.0,1.0
2025-03-20,23.959999084472656,24.309999465942383,23.729999542236328,23.770000457763672,68937600.0,-0.006633571691278,-0.0066556716164809,0.0500837155647688,0.043503089760687,50.95435500746319,0.6118266596024178,0.3487356807720624,0.2630909788303553,0.9696225424038272,2.512412686663086,0.0,False,False,0,0.0,-0.006633571691278095,-0.0,0.0,0.0,-0.0,1.0,1.0
2025-03-21,24.26000022888184,24.700000762939453,23.489999771118164,23.600000381469727,94110700.0,0.0125209163552764,0.0124431779138487,0.0491084089422282,0.0434410116162562,56.69014250042648,0.6353392022493978,0.4060563850675295,0.2292828171818682,0.981763105153456,2.512412686663086,0.0,False,False,0,0.0,0.012520916355276412,0.0,0.0,0.0,0.0,1.0,1.0
2025-03-24,24.21999931335449,24.989999771118164,24.1299991607666,24.71999931335449,69169000.0,-0.0016488423392398,-0.0016502031758451,0.0487866296770551,0.0432644665418491,64.46445897941017,0.6433294210076745,0.4535109922555585,0.189818428752116,0.9801443325785753,2.512412686663086,0.0,False,False,0,0.0,-0.0016488423392398976,-0.0,0.0,0.0,-0.0,1.0,1.0
2025-03-25,24.200000762939453,24.75,24.11000061035156,24.18000030517578,51743300.0,-0.0008257040042114,-0.0008260450855304,0.0471304542798209,0.0432614648144608,67.86091348133742,0.6406628485372323,0.4909413635118933,0.149721485025339,0.97933502347846,2.512412686663086,0.0,False,False,0,0.0,-0.0008257040042114472,-0.0,0.0,0.0,-0.0,1.0,1.0
2025-03-26,23.420000076293945,24.420000076293945,23.25,24.25,59496700.0,-0.0322314323163172,-0.032762303261852,0.0475478915448129,0.0435097075478967,63.07541536201977,0.5690503754614618,0.506563165901807,0.0624872095596547,0.947769652954215,2.512412686663086,0.0,False,False,0,0.0,-0.0322314323163172,-0.0,0.0,0.0,-0.0,1.0,1.0
2025-03-27,23.6200008392334,23.76000022888184,22.86000061035156,23.290000915527344,57720600.0,0.0085397421984594,0.0085034848726301,0.0473586236713577,0.0434950350277184,64.46602484700932,0.5224133092638041,0.5097331945742065,0.0126801146895976,0.9558633614539672,2.512412686663086,0.0,False,False,0,0.0,0.008539742198459432,0.0,0.0,0.0,0.0,1.0,1.0
2025-03-28,22.709999084472656,23.57999992370605,22.559999465942383,23.350000381469727,58365300.0,-0.0385267452340309,-0.0392885304962176,0.0477917289027311,0.0436939647255357,63.23808461576747,0.407328136686278,0.4892521829966208,-0.0819240463103428,0.919037057248686,2.512412686663086,0.0,False,True,-1,0.0,-0.03852674523403099,-0.0,0.0,0.0,-0.0,1.0,1.0
2025-03-31,22.709999084472656,22.75,21.75,22.3799991607666,65832000.0,0.0,0.0,0.0468285962410295,0.0436816903739661,64.15457589337132,0.3125197748470647,0.4539057013667096,-0.1413859265196449,0.919037057248686,2.512412686663086,0.0,False,False,0,0.0,0.0,0.0,0.0,0.0,0.0,1.0,1.0
2025-04-01,22.049999237060547,22.6200008392334,21.65999984741211,22.559999465942383,64060400.0,-0.0290620816388921,-0.029492748511199,0.04504354894907,0.0438700348547344,56.77546158382689,0.1820286798820767,0.3995302970697831,-0.2175016171877064,0.8923279272617574,2.512412686663086,0.0,False,False,0,0.0,-0.029062081638892123,-0.0,0.0,0.0,-0.0,1.0,1.0
2025-04-02,21.979999542236328,22.3799991607666,21.700000762939453,21.88999938964844,58878800.0,-0.0031745894442738,-0.0031796391433229,0.0446231365019699,0.0438342368215156,37.98882443450872,0.0721336448678933,0.3340509666294051,-0.2619173217615118,0.8894951524430414,2.512412686663086,0.0,False,False,0,0.0,-0.0031745894442738454,-0.0,0.0,0.0,-0.0,1.0,1.0
2025-04-03,22.43000030517578,23.89999961853028,20.86000061035156,21.39999961853028,242972100.0,0.020473192552836,0.020266433988711,0.0447488144811811,0.0436455009219014,38.84299170803194,0.0211090071298123,0.2714625747294866,-0.2503535675996742,0.907705957973822,2.512412686663086,0.0,False,False,0,0.0,0.020473192552836084,0.0,0.0,0.0,0.0,1.0,1.0
2025-04-04,19.850000381469727,22.200000762939453,19.700000762939453,21.700000762939453,175014700.0,-0.1150245157647507,-0.122195335786996,0.0521651546955254,0.0462191890475758,14.390262851103174,-0.2249200791102517,0.1721860439615389,-0.3971061230717906,0.8032975197011041,2.512412686663086,0.0,False,False,0,0.0,-0.1150245157647507,-0.0,0.0,0.0,-0.0,1.0,1.0
2025-04-07,19.56999969482422,20.670000076293945,18.559999465942383,19.13999938964844,142491200.0,-0.0141058277715144,-0.0142062605368944,0.0516696859198249,0.0462502188464182,11.515175895568944,-0.4374509555366082,0.0502586440619095,-0.4877095995985177,0.7919663432389156,2.512412686663086,0.0,False,False,0,0.0,-0.014105827771514479,-0.0,0.0,0.0,-0.0,1.0,1.0
2025-04-08,18.1299991607666,20.38999938964844,17.670000076293945,20.059999465942383,163982700.0,-0.0735820417226915,-0.0764297873369272,0.0542458550995141,0.04699534155428,12.04058080043788,-0.7138503918577364,-0.1025631631220196,-0.6112872287357167,0.7336918427277422,2.512412686663086,0.0,False,False,0,0.0,-0.07358204172269156,-0.0,0.0,0.0,-0.0,1.0,1.0
2025-04-09,21.530000686645508,21.729999542236328,17.979999542236328,18.06999969482422,224183500.0,0.1875345660928944,0.1718793647917746,0.0683804509989279,0.0528579698663628,39.0835718088903,-0.6510424166334339,-0.2122590138243025,-0.4387834028091313,0.8712844240995855,2.512412686663086,0.0,False,False,0,0.0,0.18753456609289443,0.0,0.0,0.0,0.0,1.0,1.0
2025-04-10,19.8799991607666,20.81999969482422,19.15999984741211,20.68000030517578,129064900.0,-0.076637318776416,-0.079733184255303,0.0618795656284053,0.0538538470001637,32.4519288816127,-0.7260386555832667,-0.3150149421760954,-0.4110237134071713,0.8045115219449396,2.512412686663086,0.0,False,False,0,0.0,-0.076637318776416,-0.0,0.0,0.0,-0.0,1.0,1.0
2025-04-11,19.739999771118164,19.799999237060547,18.18000030517578,19.25,128425800.0,-0.007042223116625,-0.0070671366029566,0.0616676541640322,0.0537640384722915,32.19396847508911,-0.7876904903383313,-0.4095500518085426,-0.3781404385297887,0.7988459723075078,2.512412686663086,0.0,False,False,0,0.0,-0.007042223116625057,-0.0,0.0,0.0,-0.0,1.0,1.0
2025-04-14,20.309999465942383,21.049999237060547,19.979999542236328,20.59000015258789,101964400.0,0.0288753648142485,0.0284663268864786,0.0597035177505207,0.0538780615576791,35.18659830430548,-0.781546618945768,-0.4839493652359877,-0.2975972537097803,0.8219129411882802,2.512412686663086,0.0,False,False,0,0.0,0.028875364814248572,0.0,0.0,0.0,0.0,1.0,1.0
2025-04-15,19.850000381469727,20.46999931335449,19.809999465942383,20.200000762939453,64056900.0,-0.0226488969260695,-0.0229093229461718,0.0595921422314506,0.0526319691153676,36.06558060502683,-0.8045216139785225,-0.5480638149844947,-0.2564577989940277,0.8032975197011042,2.512412686663086,0.0,False,False,0,0.0,-0.02264889692606953,-0.0,0.0,0.0,-0.0,1.0,1.0
2025-04-16,19.229999542236328,19.43000030517578,18.71999931335449,19.34000015258789,89469700.0,-0.0312342986054638,-0.0317324905547926,0.0582382746081187,0.0527561014995548,33.40892082314963,-0.862812385137012,-0.6110135290149983,-0.2517988561220137,0.7782070851017314,2.512412686663086,0.0,False,False,0,0.0,-0.031234298605463895,-0.0,0.0,0.0,-0.0,1.0,1.0
2025-04-17,18.93000030517578,19.100000381469727,18.559999465942383,18.90999984741211,85646700.0,-0.015600584721889,-0.0157235544535163,0.058247764838381,0.0527866280781022,35.023779886574744,-0.9225807360365296,-0.6733269704193046,-0.2492537656172249,0.7660665995394276,2.512412686663086,0.0,False,False,0,0.0,-0.015600584721889077,-0.0,0.0,0.0,-0.0,1.0,1.0
2025-04-21,18.84000015258789,18.989999771118164,18.25,18.93000030517578,72409900.0,-0.0047543661456403,-0.0047657040951465,0.0580212154571763,0.0527647597835364,34.775774787047794,-0.9660735503547144,-0.7318762864063866,-0.2341972639483278,0.7624244384332715,2.512412686663086,0.0,False,False,0,0.0,-0.0047543661456403985,-0.0,0.0,0.0,-0.0,1.0,1.0
2025-04-22,19.51000022888184,19.739999771118164,19.040000915527344,19.059999465942383,83365600.0,0.0355626364579364,0.0349448891191719,0.0589275582993626,0.0527868691623658,40.01572962440088,-0.935692432405574,-0.772639515606224,-0.1630529167993499,0.7895382615639203,2.512412686663086,0.0,False,False,0,0.0,0.03556263645793645,0.0,0.0,0.0,0.0,1.0,1.0
2025-04-23,20.59000015258789,21.030000686645508,20.309999465942383,20.71999931335449,97188100.0,0.0553562230156852,0.0538783620839407,0.0606600696850817,0.0531461624730613,44.938095230157046,-0.8150725605269287,-0.781126124590365,-0.0339464359365636,0.833244117650469,2.512412686663086,0.0,False,False,0,0.0,0.05535622301568521,0.0,0.0,0.0,0.0,1.0,1.0
2025-04-24,21.489999771118164,21.549999237060547,20.8799991607666,21.040000915527344,117086200.0,0.0437105202457783,0.0427821715533238,0.0613288100170667,0.0533111484163989,46.685471130507416,-0.6394863943514721,-0.7527981785425865,0.1133117841911143,0.8696656515247055,2.512412686663086,0.0,True,False,0,0.0,0.04371052024577837,0.0,0.0,0.0,0.0,1.0,1.0
2025-04-25,20.049999237060547,20.18000030517578,19.34000015258789,19.729999542236328,147711200.0,-0.0670079362212432,-0.0693585843030639,0.062914782956715,0.0540631424148793,50.76686661156224,-0.6095031284767067,-0.7241391685294105,0.1146360400527037,0.8113911510135321,2.512412686663086,0.0,False,False,0,0.0,-0.06700793622124324,-0.0,0.0,0.0,-0.0,1.0,1.0
2025-04-28,20.51000022888184,21.07999992370605,20.049999237060547,20.1200008392334,96624400.0,0.022942693731929,0.0226834675430787,0.0627611344562852,0.0541131985281516,53.555220543265285,-0.5423708253414823,-0.6877854998918249,0.1454146745503426,0.830006649688033,2.512412686663086,0.0,False,False,0,0.0,0.02294269373192903,0.0,0.0,0.0,0.0,1.0,1.0
2025-04-29,20.34000015258789,20.850000381469727,20.21999931335449,20.309999465942383,70031900.0,-0.0082886433153012,-0.0083231851215366,0.0627657644770315,0.0539794379536358,59.24686400830741,-0.4971546870870043,-0.6496593373308608,0.1525046502438565,0.8231270206194407,2.512412686663086,0.0,False,False,0,0.0,-0.008288643315301214,-0.0,0.0,0.0,-0.0,1.0,1.0
2025-04-30,20.100000381469727,20.18000030517578,19.549999237060547,19.709999084472656,68297300.0,-0.0117993986881868,-0.0118695640786534,0.0625166267692882,0.0540062368645538,41.86575565282527,-0.4752086381496276,-0.6147691974946142,0.1395605593449865,0.8134146167321326,2.512412686663086,0.0,False,False,0,0.0,-0.011799398688186802,-0.0,0.0,0.0,-0.0,1.0,1.0
2025-05-01,19.979999542236328,20.64999961853028,19.940000534057617,20.21999931335449,72607500.0,-0.0059701908933309,-0.0059880837343104,0.0625205811691339,0.0540092695166586,50.68870783964926,-0.4621716737284203,-0.5842496927413755,0.1220780190129552,0.8085583761948161,2.512412686663086,0.0,False,False,0,0.0,-0.005970190893330951,-0.0,0.0,0.0,-0.0,1.0,1.0
2025-05-02,20.6200008392334,20.780000686645508,20.209999084472656,20.26000022888184,63298500.0,0.0320320976806907,0.0315297689794711,0.0628014153970945,0.0541068061175777,55.670108414059705,-0.3956363796353628,-0.546527030120173,0.1508906504848102,0.834458197081629,2.512412686663086,0.0,False,False,0,0.0,0.03203209768069071,0.0,0.0,0.0,0.0,1.0,1.0
2025-05-05,20.270000457763672,20.57999992370605,20.239999771118164,20.38999938964844,44237000.0,-0.016973829642324,-0.0171195362415663,0.0571151372761992,0.0541245493401774,49.734754686978654,-0.3669191696268719,-0.5106054580215128,0.1436862883946409,0.8202942458007246,2.512412686663086,0.0,False,False,0,0.0,-0.01697382964232408,-0.0,0.0,0.0,-0.0,1.0,1.0
2025-05-06,19.940000534057617,20.1200008392334,19.770000457763672,19.920000076293945,51330800.0,-0.016280212938015,-0.0164141917302949,0.057150505747159,0.0541345818488655,50.607288178871634,-0.3665632962164089,-0.481797025660492,0.1152337294440831,0.8069396808072603,2.512412686663086,0.0,False,False,0,0.0,-0.01628021293801507,-0.0,0.0,0.0,-0.0,1.0,1.0
2025-05-07,20.309999465942383,20.3700008392334,19.81999969482422,19.96999931335449,61002600.0,0.0185556129375625,0.0183855579800669,0.054347276445091,0.0540058820579519,57.5418970602064,-0.3325915342063901,-0.4519559273696716,0.1193643931632815,0.8219129411882802,2.512412686663086,0.0,False,False,0,0.0,0.018555612937562582,0.0,0.0,0.0,0.0,1.0,1.0
2025-05-08,21.0,21.239999771118164,20.63999938964844,21.01000022888184,71651700.0,0.0339734393009054,0.0334090884264335,0.0348529119538469,0.0536209841327807,63.70860170938788,-0.2471424867898868,-0.4109932392537147,0.1638507524638279,0.8498361506063689,2.512412686663086,0.0,False,False,0,0.0,0.03397343930090546,0.0,0.0,0.0,0.0,1.0,1.0
2025-05-09,21.420000076293945,21.450000762939453,20.82999992370605,21.200000762939453,51768600.0,0.0200000036330449,0.0198026308579883,0.0301464944288044,0.0528751825201471,66.37055171006568,-0.1438745092316828,-0.3575694932493083,0.2136949840176255,0.8668328767059892,2.512412686663086,0.0,False,False,0,0.0,0.020000003633044994,0.0,0.0,0.0,0.0,1.0,1.0
2025-05-12,22.18000030517578,22.670000076293945,21.8799991607666,22.18000030517578,94578700.0,0.0354808695693211,0.0348659270998616,0.0308063760252729,0.0522117951432664,66.75030758078645,-0.0007001551743499,-0.2861956256343166,0.2854954704599667,0.8975888609427939,2.512412686663086,0.0,False,False,0,0.0,0.03548086956932117,0.0,0.0,0.0,0.0,1.0,1.0
2025-05-13,22.559999465942383,22.8799991607666,22.299999237060547,22.36000061035156,76850400.0,0.017132513775391,0.0169874072758182,0.0304633895016802,0.0521784259433701,63.54882168132595,0.1417947863867006,-0.2005975432301132,0.3423923296168138,0.9129668144675338,2.512412686663086,0.0,False,False,0,0.0,0.017132513775391045,0.0,0.0,0.0,0.0,1.0,1.0
2025-05-14,21.520000457763672,22.459999084472656,21.459999084472656,22.350000381469727,91584800.0,-0.046099247907729,-0.047195646391962,0.032023668496622,0.0480956248403466,50.20243373509482,0.1688573435227098,-0.1267065658795486,0.2955639094022584,0.8708797309558653,2.512412686663086,0.0,False,False,0,0.0,-0.04609924790772901,-0.0,0.0,0.0,-0.0,1.0,1.0
2025-05-15,21.549999237060547,21.6299991607666,21.190000534057617,21.229999542236328,66705500.0,0.0013939952908343,0.0013930245814037,0.0309174288949414,0.0474895771794756,62.49999999999999,0.1905289664817537,-0.0632594594072881,0.2537884258890419,0.872093733199701,2.512412686663086,0.0,False,False,0,0.0,0.0013939952908343933,0.0,0.0,0.0,0.0,1.0,1.0
2025-05-16,21.65999984741211,21.76000022888184,21.350000381469727,21.530000686645508,55795100.0,0.00510443685596,0.0050914533816257,0.0304938932132652,0.0474508393872599,60.1769884617215,0.2141118654494285,-0.0077851944359448,0.2218970598853733,0.8765452805932973,2.512412686663086,0.0,False,False,0,0.0,0.005104436855960071,0.0,0.0,0.0,0.0,1.0,1.0
2025-05-19,21.3799991607666,21.559999465942383,21.049999237060547,21.18000030517578,64279100.0,-0.0129270862704535,-0.0130113681844594,0.030716517252442,0.0471099660989443,59.02776880948667,0.2078122373247488,0.0353342919161939,0.1724779454085549,0.8652141041311088,2.512412686663086,0.0,False,False,0,0.0,-0.01292708627045358,-0.0,0.0,0.0,-0.0,1.0,1.0
2025-05-20,21.270000457763672,21.40999984741211,21.1200008392334,21.32999992370605,48497400.0,-0.0051449348606515,-0.0051582156099896,0.0300514540407811,0.047018813252161,60.390765992002684,0.1917335753086035,0.0666141485946758,0.1251194267139277,0.8607626339248372,2.512412686663086,0.0,False,False,0,0.0,-0.0051449348606515954,-0.0,0.0,0.0,-0.0,1.0,1.0
2025-05-21,20.690000534057617,21.6299991607666,20.59000015258789,21.190000534057617,62904700.0,-0.0272684490467113,-0.0276471331639038,0.0283615147627722,0.0466586523724976,55.82923806567859,0.1306835347973667,0.079428025835214,0.0512555089621526,0.8372909719003447,2.512412686663086,0.0,False,False,0,0.0,-0.02726844904671133,-0.0,0.0,0.0,-0.0,1.0,1.0
2025-05-22,20.549999237060547,20.89999961853028,20.51000022888184,20.729999542236328,56077500.0,-0.0067666164032531,-0.0067896137535705,0.0265115130626015,0.0465598746880726,49.37386740476647,0.0701948407925314,0.0775813888266775,-0.007386548034146,0.831625345075588,2.512412686663086,0.0,False,True,-1,0.0,-0.006766616403253156,-0.0,0.0,0.0,-0.0,1.0,1.0
2025-05-23,20.049999237060547,20.270000457763672,19.940000534057617,20.15999984741211,68206100.0,-0.0243309011466181,-0.0246317881155007,0.0223924345194463,0.0466039836749092,48.083612346863774,-0.017882567225989,0.0584885976161442,-0.0763711648421332,0.8113911510135317,2.512412686663086,0.0,False,False,0,0.0,-0.024330901146618178,-0.0,0.0,0.0,-0.0,1.0,1.0
2025-05-27,20.549999237060547,20.670000076293945,20.18000030517578,20.440000534057617,69504600.0,0.0249376568092729,0.0246317881155007,0.022503065356528,0.0465760046250278,55.16073532672313,-0.0467992536538766,0.03743102736214,-0.0842302810160166,0.831625345075588,2.512412686663086,0.0,False,False,0,0.0,0.024937656809272957,0.0,0.0,0.0,0.0,1.0,1.0
2025-05-28,20.3700008392334,20.63999938964844,20.32999992370605,20.56999969482422,46096500.0,-0.008759046448164,-0.0087976323780423,0.0225128002490703,0.046285403064369,50.52448776662046,-0.0832802989308447,0.013288762103543,-0.0965690610343878,0.8243411000506005,2.512412686663086,0.0,False,False,0,0.0,-0.008759046448164054,-0.0,0.0,0.0,-0.0,1.0,1.0
2025-05-29,20.25,20.600000381469727,20.100000381469727,20.540000915527344,66372200.0,-0.0058910571570656,-0.0059084778856446,0.0223838685791608,0.0455896700677305,42.71844336579408,-0.1204859677455907,-0.0134661838662836,-0.107019783879307,0.819484859513284,2.512412686663086,0.0,False,False,0,0.0,-0.005891057157065616,-0.0,0.0,0.0,-0.0,1.0,1.0
2025-05-30,19.549999237060547,20.26000022888184,19.309999465942383,20.26000022888184,114281900.0,-0.0345679389105902,-0.0351795461462103,0.0237009971866888,0.0457013260676556,32.780834337062686,-0.2041031655101974,-0.0515935801950664,-0.152509585315131,0.7911569569514751,2.512412686663086,0.0,False,False,0,0.0,-0.03456793891059029,-0.0,0.0,0.0,-0.0,1.0,1.0
2025-06-02,19.739999771118164,19.81999969482422,19.3700008392334,19.479999542236328,67885500.0,0.0097186977735239,0.0096717750041728,0.0225714309825075,0.0457170231325821,24.897107147889017,-0.2521325152811755,-0.0917013672122882,-0.1604311480688872,0.7988459723075074,2.512412686663086,0.0,False,False,0,0.0,0.009718697773523965,0.0,0.0,0.0,0.0,1.0,1.0
2025-06-03,20.290000915527344,20.40999984741211,19.39999961853028,19.75,80401900.0,0.0278622670104531,0.0274811765493083,0.0232165680515931,0.0458501152289144,27.43540516364328,-0.2430143075388358,-0.1219639552775977,-0.121050352261238,0.8211036320881643,2.512412686663086,0.0,False,False,0,0.0,0.027862267010453134,0.0,0.0,0.0,0.0,1.0,1.0
2025-06-04,20.25,20.5,20.01000022888184,20.34000015258789,71166500.0,-0.0019714595230369,-0.0019734054072708,0.0228968088154077,0.0456197165452457,34.24318064141774,-0.2362919749903049,-0.1448295592201392,-0.0914624157701657,0.8194848595132839,2.512412686663086,0.0,False,False,0,0.0,-0.0019714595230369003,-0.0,0.0,0.0,-0.0,1.0,1.0
2025-06-05,19.989999771118164,20.549999237060547,19.850000381469727,20.270000457763672,72458400.0,-0.0128395174756462,-0.0129226564900561,0.0227068524936172,0.0456422056856628,31.690164492992736,-0.2490731631894078,-0.1656782800139929,-0.0833948831754148,0.8089630693385356,2.512412686663086,0.0,False,False,0,0.0,-0.012839517475646267,-0.0,0.0,0.0,-0.0,1.0,1.0
2025-06-06,20.059999465942383,20.440000534057617,20.030000686645508,20.170000076293945,70072800.0,0.0035017356491096,0.003495618848285,0.0212437718018233,0.0452713363147241,31.04266356067376,-0.2506644527817663,-0.1826755145675476,-0.0679889382142186,0.8117958441572515,2.512412686663086,0.0,False,False,0,0.0,0.0035017356491096052,0.0,0.0,0.0,0.0,1.0,1.0
2025-06-09,20.479999542236328,20.959999084472656,20.21999931335449,20.21999931335449,92893900.0,0.0209371927953945,0.0207210219087876,0.0212959893735924,0.041146421211102,39.67890941717847,-0.2155503350909988,-0.1892504786722379,-0.0262998564187609,0.8287925702568719,2.512412686663086,0.0,False,False,0,0.0,0.02093719279539452,0.0,0.0,0.0,0.0,1.0,1.0
2025-06-10,22.07999992370605,22.440000534057617,20.280000686645508,20.5,171457000.0,0.0781250203726815,0.0752234401339877,0.026698373865677,0.0423688492522891,56.92306739261062,-0.0579475020810882,-0.162989883354008,0.1050423812729197,0.8935420066929172,2.512412686663086,0.0,True,False,0,0.0,0.07812502037268154,0.0,0.0,0.0,0.0,1.0,1.0
2025-06-11,20.68000030517578,21.82999992370605,20.3799991607666,21.780000686645508,146784500.0,-0.0634057800438291,-0.0655051535562751,0.0298795854668091,0.0421550908485911,49.925035809234366,-0.0454900098668389,-0.1394899086565742,0.0939998987897352,0.8368862787566244,2.512412686663086,0.0,False,False,0,0.0,-0.06340578004382913,-0.0,0.0,0.0,-0.0,1.0,1.0
2025-06-12,20.770000457763672,20.979999542236328,20.40999984741211,20.5,78175900.0,0.0043520382620769,0.0043425955303999,0.0282144314821285,0.0421376156383298,51.661639950351336,-0.0280319623715499,-0.1171983193995693,0.0891663570280194,0.8405284398627804,2.512412686663086,0.0,False,False,0,0.0,0.004352038262076974,0.0,0.0,0.0,0.0,1.0,1.0
2025-06-13,20.13999938964844,20.600000381469727,20.100000381469727,20.32999992370605,87655900.0,-0.0303322606755043,-0.0308018029427015,0.0289320087059524,0.0413854553268472,50.66666742018672,-0.0642910478317659,-0.1066168650860086,0.0423258172542427,0.8150333121196875,2.512412686663086,0.0,False,False,0,0.0,-0.03033226067550432,-0.0,0.0,0.0,-0.0,1.0,1.0
2025-06-16,20.739999771118164,20.93000030517578,20.299999237060547,20.40999984741211,86745100.0,0.0297914796252729,0.0293563347806369,0.0298085678441535,0.0415856777382349,51.38686436253524,-0.0441032234131917,-0.0941141367514453,0.0500109133382535,0.83931436043162,2.512412686663086,0.0,False,False,0,0.0,0.029791479625272954,0.0,0.0,0.0,0.0,1.0,1.0
2025-06-17,20.799999237060547,21.479999542236328,20.6200008392334,20.6299991607666,87512200.0,0.0028929347446733,0.0028887582618772,0.0297060566816676,0.0415489359992695,53.19463641513964,-0.0229976688401229,-0.0798908431691808,0.0568931743290578,0.8417424421066159,2.512412686663086,0.0,False,False,0,0.0,0.0028929347446733367,0.0,0.0,0.0,0.0,1.0,1.0
2025-06-18,21.489999771118164,21.600000381469727,20.65999984741211,20.809999465942383,94200600.0,0.0331731038157061,0.0326347499763084,0.0306427036226237,0.0417926075195664,58.49314334760361,0.0488428814065109,-0.0541440982540425,0.1029869796605534,0.8696656515247047,2.512412686663086,0.0,False,False,0,0.0,0.03317310381570615,0.0,0.0,0.0,0.0,1.0,1.0
2025-06-20,21.07999992370605,21.88999938964844,20.8799991607666,21.700000762939453,133472800.0,-0.0190786343312641,-0.0192629799498944,0.0302984382037306,0.0418565768399595,60.91298005774283,0.0718650582289015,-0.0289422669574536,0.1008073251863552,0.8530736185688043,2.512412686663086,0.0,False,False,0,0.0,-0.01907863433126411,-0.0,0.0,0.0,-0.0,1.0,1.0
2025-06-23,21.190000534057617,21.57999992370605,20.729999542236328,21.06999969482422,81461000.0,0.0052182452917308,0.0052046774295888,0.0302475711412315,0.0416686815206355,60.461759746876005,0.0978583786935338,-0.0035821378272561,0.10144051652079,0.8575251659624007,2.512412686663086,0.0,False,False,0,0.0,0.005218245291730872,0.0,0.0,0.0,0.0,1.0,1.0
2025-06-24,22.549999237060547,22.690000534057617,21.32999992370605,21.34000015258789,130368700.0,0.064181154729896,0.0622056346319586,0.032582488812585,0.0424918218238107,64.59946919534056,0.2255982456367853,0.0422539388655521,0.1833443067712332,0.9125621213238132,2.512412686663086,0.0,False,False,0,0.0,0.06418115472989605,0.0,0.0,0.0,0.0,1.0,1.0
2025-06-25,22.200000762939453,22.770000457763672,22.1299991607666,22.57999992370605,64975100.0,-0.0155209971602072,-0.0156427088705761,0.0326264096190634,0.0422404581134118,62.11180712888798,0.2951883115953535,0.0928408134115124,0.2023474981838411,0.8983982472302336,2.512412686663086,0.0,False,False,0,0.0,-0.015520997160207273,-0.0,0.0,0.0,-0.0,1.0,1.0
2025-06-26,22.5,22.6200008392334,22.209999084472656,22.39999961853028,63229300.0,0.0135134786824586,0.0134229859654988,0.0325346989811154,0.0422738753044722,65.51298376584262,0.3702780367518166,0.1483282580795732,0.2219497786722433,0.9105387327925376,2.512412686663086,0.0,False,False,0,0.0,0.013513478682458668,0.0,0.0,0.0,0.0,1.0,1.0
2025-06-27,22.690000534057617,23.3799991607666,22.420000076293945,22.709999084472656,95542400.0,0.0084444681803386,0.0084090131185119,0.0324286685189793,0.0421032222579172,66.01706066623859,0.4400460630328275,0.2066718190702241,0.2333742439626034,0.91822774814857,2.512412686663086,0.0,False,False,0,0.0,0.008444468180338616,0.0,0.0,0.0,0.0,1.0,1.0
2025-06-30,22.39999961853028,22.96999931335449,22.270000457763672,22.96999931335449,77102400.0,-0.0127810008242198,-0.0128633804977904,0.0313345972461838,0.0421388891458765,61.8811887031139,0.4665588759683849,0.2586492304498563,0.2079096455185286,0.9064918785426616,2.512412686663086,0.0,False,False,0,0.0,-0.012781000824219735,-0.0,0.0,0.0,-0.0,1.0,1.0
2025-07-01,22.850000381469727,23.15999984741211,22.280000686645508,22.32999992370605,79094900.0,0.0200893201162015,0.0198901922036354,0.031462465300768,0.0421359375916103,55.55555861367416,0.5179116093464735,0.3105017062291798,0.2074099031172937,0.924702684073442,2.512412686663086,0.0,False,False,0,0.0,0.02008932011620157,0.0,0.0,0.0,0.0,1.0,1.0
2025-07-02,21.8799991607666,22.770000457763672,21.520000457763672,22.530000686645508,138245300.0,-0.0424508185780928,-0.0433781948371394,0.0329947170822894,0.0397163017464125,59.23075771896431,0.4748640910043136,0.3433741831842065,0.131489907820107,0.8854482981931648,2.512412686663086,0.0,False,False,0,0.0,-0.04245081857809285,-0.0,0.0,0.0,-0.0,1.0,1.0
2025-07-03,22.489999771118164,22.6299991607666,21.989999771118164,22.14999961853028,61176000.0,0.0278793708294726,0.0274978165965835,0.0333695071725969,0.0397908522772,62.25070323268316,0.4843868636018413,0.3715767192677335,0.1128101443341078,0.9101340396488176,2.512412686663086,0.0,False,False,0,0.0,0.02787937082947267,0.0,0.0,0.0,0.0,1.0,1.0
2025-07-07,22.0,22.38999938964844,21.86000061035156,22.209999084472656,80725200.0,-0.0217874511385022,-0.0220283024358591,0.0336907857421395,0.0386450266159287,63.51744419758575,0.447239346275925,0.3867092446693718,0.0605301016065532,0.8903045387304813,2.512412686663086,0.0,False,False,0,0.0,-0.021787451138502223,-0.0,0.0,0.0,-0.0,1.0,1.0
2025-07-08,23.59000015258789,23.790000915527344,22.1299991607666,22.18000030517578,119545500.0,0.0722727342085405,0.069780446529597,0.0368545117986121,0.0315832815822947,68.10673492728205,0.5398760403577789,0.4173426038070532,0.1225334365507256,0.9546492820228066,2.512412686663086,0.0,False,False,0,0.0,0.07227273420854052,0.0,0.0,0.0,0.0,1.0,1.0
2025-07-09,23.440000534057617,23.530000686645508,23.1299991607666,23.290000915527344,70247700.0,-0.0063586103247149,-0.0063789123950734,0.0368858388617277,0.0298738719574281,66.5829206535879,0.594336431788637,0.45274136940337,0.141595062385267,0.9485790392416548,2.512412686663086,0.0,False,False,0,0.0,-0.006358610324714964,-0.0,0.0,0.0,-0.0,1.0,1.0
2025-07-10,23.81999969482422,24.040000915527344,23.479999542236328,23.6299991607666,54599800.0,0.0162115679227257,0.0160815636225688,0.03303589511413,0.029889770930312,65.22875843066836,0.6605450882495916,0.4943021131726143,0.1662429750769772,0.9639569927663948,2.512412686663086,0.0,False,False,0,0.0,0.01621156792272571,0.0,0.0,0.0,0.0,1.0,1.0
2025-07-11,23.43000030517578,23.65999984741211,23.15999984741211,23.559999465942383,49367900.0,-0.0163727705560458,-0.016508285570703,0.0294397610899238,0.0298112738663307,65.39974207044094,0.6737793254678515,0.5301975556316618,0.1435817698361896,0.9481743460979346,2.512412686663086,0.0,False,False,0,0.0,-0.0163727705560458,-0.0,0.0,0.0,-0.0,1.0,1.0
2025-07-14,23.299999237060547,23.39999961853028,22.8799991607666,23.239999771118164,48420500.0,-0.0055484876833961,-0.0055639377172336,0.0295637104871144,0.029644944508348,63.79084188378239,0.6660991773935585,0.5573778799840412,0.1087212974095173,0.942913412416898,2.512412686663086,0.0,False,False,0,0.0,-0.005548487683396108,-0.0,0.0,0.0,-0.0,1.0,1.0
2025-07-15,22.920000076293945,23.780000686645508,22.89999961853028,23.56999969482422,66099400.0,-0.0163089773909598,-0.0164434326522266,0.0288090370512624,0.0294136414917355,52.77361945278255,0.6221777701813949,0.5703378580235119,0.0518399121578829,0.9275354588921582,2.512412686663086,0.0,False,False,0,0.0,-0.016308977390959822,-0.0,0.0,0.0,-0.0,1.0,1.0
2025-07-16,22.690000534057617,23.1299991607666,22.25,22.989999771118164,58865900.0,-0.0100348840083214,-0.0100855728463589,0.0285164449421326,0.0293615857874865,53.74045561454909,0.5623285244643377,0.5687359913116771,-0.0064074668473393,0.9182277481485702,2.512412686663086,0.0,False,True,-1,0.0,-0.01003488400832142,-0.0,0.0,0.0,-0.0,1.0,1.0
2025-07-17,22.799999237060547,23.049999237060547,22.59000015258789,22.65999984741211,49384000.0,0.0048478933633264,0.0048361801692515,0.0285126194800394,0.0293422972122296,52.35848434174886,0.517804612823408,0.5585497156140233,-0.0407451027906153,0.922679218354842,2.512412686663086,0.0,False,False,0,0.0,0.004847893363326472,0.0,0.0,0.0,0.0,1.0,1.0
2025-07-18,23.100000381469727,23.59000015258789,22.89999961853028,23.21999931335449,60195600.0,0.0131579453705217,0.0130721315434509,0.0278136606678367,0.0290700139962726,53.168468083902106,0.5009520142220047,0.5470301753356197,-0.0460781611136149,0.9348197811044706,2.512412686663086,0.0,False,False,0,0.0,0.013157945370521729,0.0,0.0,0.0,0.0,1.0,1.0
2025-07-21,23.26000022888184,23.82999992370605,23.15999984741211,23.39999961853028,61658000.0,0.0069264002064892,0.0069025228890775,0.027281795581586,0.0282592435903308,56.7823390351223,0.4948030770575187,0.5365847556799995,-0.0417816786224808,0.9412947170293428,2.512412686663086,0.0,False,False,0,0.0,0.006926400206489269,0.0,0.0,0.0,0.0,1.0,1.0
2025-07-22,23.239999771118164,23.540000915527344,23.07999992370605,23.34000015258789,53969800.0,-0.0008598648996933,-0.0008602347955717,0.0273163388262708,0.0277365585905826,53.29948730725612,0.4827512740778985,0.5258180593595794,-0.0430667852816808,0.9404853307419024,2.512412686663086,0.0,False,False,0,0.0,-0.0008598648996933633,-0.0,0.0,0.0,-0.0,1.0,1.0
2025-07-23,23.489999771118164,23.6200008392334,22.920000076293945,23.26000022888184,68711700.0,0.010757315080127,0.0106998667919278,0.0235783448424808,0.0262494354993728,65.5106072867352,0.487750559218334,0.5182045593313303,-0.0304540001129962,0.9506024277729308,2.512412686663086,0.0,False,False,0,0.0,0.010757315080127006,0.0,0.0,0.0,0.0,1.0,1.0
2025-07-24,22.6299991607666,23.57999992370605,22.600000381469727,23.489999771118164,131963300.0,-0.0366113503078431,-0.0372983663665702,0.0248545826296939,0.0266052665679925,51.28675942086711,0.4175049298362907,0.4980646334323224,-0.0805597035960316,0.9157995892862498,2.512412686663086,0.0,False,False,0,0.0,-0.03661135030784313,-0.0,0.0,0.0,-0.0,1.0,1.0
2025-07-25,20.700000762939453,21.049999237060547,20.36000061035156,20.68000030517578,245077700.0,-0.0852849522492765,-0.0891426854321508,0.0312771719857836,0.0288697691554892,40.55232735438442,0.2037513032306854,0.439201967391995,-0.2354506641613095,0.8376956650440649,2.512412686663086,0.0,False,False,0,0.0,-0.08528495224927657,-0.0,0.0,0.0,-0.0,1.0,1.0
2025-07-28,20.68000030517578,21.290000915527344,20.64999961853028,20.81999969482422,86105600.0,-0.0009662056534548,-0.0009666727310237,0.0311555541412897,0.0288240971672152,22.59885889492986,0.0323630828692991,0.3578341904874558,-0.3254711076181567,0.8368862787566247,2.512412686663086,0.0,False,False,0,0.0,-0.0009662056534548435,-0.0,0.0,0.0,-0.0,1.0,1.0
2025-07-29,20.40999984741211,20.850000381469727,20.34000015258789,20.690000534057617,100831500.0,-0.0130561147862312,-0.0131420950516578,0.0311596207276007,0.0288671357069761,22.09943295878338,-0.1238227454732694,0.2615028032953108,-0.3853255487685803,0.8259597954381562,2.512412686663086,0.0,False,False,0,0.0,-0.013056114786231254,-0.0,0.0,0.0,-0.0,1.0,1.0
2025-07-30,20.34000015258789,20.6200008392334,20.07999992370605,20.43000030517578,67420300.0,-0.0034296764011536,-0.0034355712233429,0.0306350876184081,0.0285776870897914,16.01562238065476,-0.2503634955228193,0.1591295435316848,-0.4094930390545041,0.8231270206194403,2.512412686663086,0.0,False,False,0,0.0,-0.0034296764011536585,-0.0,0.0,0.0,-0.0,1.0,1.0
2025-07-31,19.799999237060547,20.229999542236328,19.65999984741211,20.170000076293945,90665200.0,-0.026548717378384,-0.0269074989540833,0.029816951418475,0.0287015295667411,15.559765153648373,-0.389728959671821,0.0493578428909836,-0.4390868025628046,0.8012740539825035,2.512412686663086,0.0,False,False,0,0.0,-0.026548717378384046,-0.0,0.0,0.0,-0.0,1.0,1.0
2025-08-01,19.309999465942383,19.549999237060547,18.96999931335449,19.5,86496100.0,-0.0247474641413626,-0.0250588303848195,0.0291178649980815,0.0288036386877479,14.564828011671809,-0.5335653710495905,-0.0672267998971311,-0.4663385711524592,0.7814445530641673,2.512412686663086,0.0,False,False,0,0.0,-0.02474746414136264,-0.0,0.0,0.0,-0.0,1.0,1.0
2025-08-04,19.5,19.59000015258789,19.350000381469727,19.520000457763672,69249400.0,0.0098394893481341,0.0097913967863272,0.0291420039234899,0.0287297022442121,18.56617885528944,-0.6250204613375523,-0.1787855321852154,-0.4462349291523368,0.7891335684201997,2.512412686663086,0.0,False,False,0,0.0,0.009839489348134167,0.0,0.0,0.0,0.0,1.0,1.0
2025-08-05,20.190000534057617,20.540000915527344,19.68000030517578,19.700000762939453,97338200.0,0.0353846427721855,0.0347729932066354,0.0247970604033567,0.028758776176499,28.813564801344867,-0.6345077919080033,-0.269929984129773,-0.3645778077782303,0.8170567778382885,2.512412686663086,0.0,False,False,0,0.0,0.03538464277218556,0.0,0.0,0.0,0.0,1.0,1.0
2025-08-06,20.40999984741211,20.479999542236328,19.8700008392334,20.1200008392334,67074200.0,0.010896449110211,0.0108375105692832,0.0251349085902055,0.028674026495627,30.11648469107313,-0.6171602248576171,-0.3393760322753418,-0.2777841925822752,0.8259597954381563,2.512412686663086,0.0,False,False,0,0.0,0.010896449110211037,0.0,0.0,0.0,0.0,1.0,1.0
2025-08-07,19.770000457763672,20.440000534057617,19.600000381469727,20.0,131382800.0,-0.0313571481838882,-0.0318593090086345,0.0251145988650175,0.0285544917592723,23.779529734962694,-0.647589743580891,-0.4010187745364517,-0.2465709690444393,0.800060051738668,2.512412686663086,0.0,False,False,0,0.0,-0.03135714818388824,-0.0,0.0,0.0,-0.0,1.0,1.0
2025-08-08,19.950000762939453,20.020000457763672,19.61000061035156,20.0,75415000.0,0.0091047193226085,0.0090635212414658,0.0253640286075876,0.0284843593582045,24.01884591948713,-0.6496915958021319,-0.4507533387895878,-0.198938257012544,0.8073443739509802,2.512412686663086,0.0,False,False,0,0.0,0.00910471932260859,0.0,0.0,0.0,0.0,1.0,1.0
2025-08-11,20.64999961853028,21.600000381469727,20.440000534057617,20.450000762939453,175545600.0,0.0350876605925345,0.0344861193554808,0.0271121266076984,0.0282644711163163,31.63120260373411,-0.5880940887397088,-0.478221488779612,-0.1098725999600968,0.8356721993254645,2.512412686663086,0.0,False,False,0,0.0,0.035087660592534764,0.0,0.0,0.0,0.0,1.0,1.0
2025-08-12,21.809999465942383,21.86000061035156,20.76000022888184,21.200000762939453,134153600.0,0.0561743277889061,0.0546532547927824,0.0302739189982559,0.0291895811943585,39.44723305023421,-0.4405964063332561,-0.4706964722903409,0.0301000659570847,0.8826155233744494,2.512412686663086,0.0,True,False,0,0.0,0.056174327788905964,0.0,0.0,0.0,0.0,1.0,1.0
2025-08-13,22.21999931335449,22.299999237060547,21.36000061035156,21.6200008392334,86024400.0,0.0187987096493214,0.0186241975826311,0.0305581637750681,0.0292786595452306,47.27030666414044,-0.2873079618470839,-0.4340187702016895,0.1467108083546055,0.8992075563303495,2.512412686663086,0.0,False,False,0,0.0,0.0187987096493214,0.0,0.0,0.0,0.0,1.0,1.0
2025-08-14,23.86000061035156,24.200000762939453,21.89999961853028,21.989999771118164,188052500.0,0.0738074413895868,0.0712106889409591,0.0348005265981402,0.030694067644962,71.88365175306971,-0.0331096986077561,-0.3538369558829028,0.3207272572751467,0.9655757653412754,2.512412686663086,0.0,False,False,-1,0.0,0.07380744138958684,0.0,0.0,0.0,0.0,1.0,1.0
2025-08-15,24.559999465942383,25.64999961853028,24.11000061035156,25.01000022888184,310161100.0,0.0293377551418474,0.0289156392836198,0.0352379844448724,0.0308747573684018,74.55695789950204,0.2222661678930642,-0.2386163311277095,0.4608824990207737,0.9939035907157596,2.512412686663086,0.0,False,False,-1,0.0,0.029337755141847444,0.0,0.0,0.0,0.0,1.0,1.0
2025-08-18,23.65999984741211,24.89999961853028,23.209999084472656,24.0,212515600.0,-0.0366449364047549,-0.037333229432876,0.0363547749770302,0.0310530873556031,69.05041304277827,0.3480191858341079,-0.121289227735346,0.4693084135694539,0.9574820568415232,2.512412686663086,0.0,False,False,0,0.0,-0.03664493640475497,-0.0,0.0,0.0,-0.0,1.0,1.0
2025-08-19,25.309999465942383,26.530000686645508,24.940000534057617,24.940000534057617,297659200.0,0.0697379386801115,0.0674137013553277,0.0394138720405104,0.0322066222778513,74.57962389193123,0.5742015006754144,0.017808917946806,0.5563925827286084,1.0242548818088444,2.512412686663086,0.0,False,False,-1,0.0,0.06973793868011158,0.0,0.0,0.0,0.0,1.0,1.0
2025-08-20,23.540000915527344,24.93000030517578,23.32999992370605,24.89999961853028,161149400.0,-0.0699327770747993,-0.0724984127318357,0.0427810220537993,0.0334020538119655,66.49031254961798,0.6036697945985949,0.1349810932771638,0.4686887013214311,0.9526258934915316,2.512412686663086,0.0,False,False,0,0.0,-0.06993277707479939,-0.0,0.0,0.0,-0.0,1.0,1.0
2025-08-21,23.5,23.56999969482422,22.780000686645508,23.530000686645508,97718300.0,-0.0016992741704168,-0.0017007195744267,0.0418690081284085,0.0332853938520374,69.23783977392046,0.6166871051846776,0.2313222956586666,0.385364809526011,0.9510071209166512,2.512412686663086,0.0,False,False,0,0.0,-0.0016992741704168202,-0.0,0.0,0.0,-0.0,1.0,1.0
2025-08-22,24.799999237060547,25.229999542236328,23.64999961853028,23.64999961853028,200266800.0,0.0553191164706616,0.053843201257135,0.0379328707068106,0.0339305731723453,72.08333717452277,0.7235617223588342,0.3297701809987001,0.393791541360134,1.0036159946030678,2.512412686663086,0.0,False,False,-1,0.0,0.05531911647066168,0.0,0.0,0.0,0.0,1.0,1.0
2025-08-25,24.549999237060547,25.8799991607666,24.440000534057617,25.5,156825600.0,-0.0100806454714081,-0.0101317992436826,0.0381227320370967,0.0339552595963997,68.85813297227892,0.7791066592062919,0.4196374766402185,0.3594691825660733,0.9934988975720396,2.512412686663086,0.0,False,False,0,0.0,-0.01008064547140819,-0.0,0.0,0.0,-0.0,1.0,1.0
2025-08-26,24.350000381469727,24.739999771118164,24.100000381469727,24.57999992370605,78558200.0,-0.0081465931489278,-0.0081799579688595,0.037986769172021,0.0336191772880068,67.07106661657534,0.7977917390914264,0.4952683291304601,0.3025234099609662,0.9854052662596118,2.512412686663086,0.0,False,False,0,0.0,-0.00814659314892785,-0.0,0.0,0.0,-0.0,1.0,1.0
2025-08-27,24.850000381469727,24.989999771118164,24.049999237060547,24.190000534057617,90934400.0,0.0205338805818047,0.0203259026988256,0.0379338733759666,0.0336781019942368,72.28070962095447,0.8432254428294499,0.5648597518702582,0.2783656909591917,1.005639460321668,2.512412686663086,0.0,False,False,-1,0.0,0.02053388058180472,0.0,0.0,0.0,0.0,1.0,1.0
2025-08-28,24.93000030517578,25.13999938964844,24.61000061035156,24.959999084472656,60035100.0,0.003219312775774,0.0032141418832414,0.036965282091323,0.0335370914894662,72.03540513114125,0.8755940030015559,0.6270066020965177,0.2485874009050381,1.008876928284104,2.512412686663086,0.0,False,False,-1,0.0,0.0032193127757740303,0.0,0.0,0.0,0.0,1.0,1.0
2025-08-29,24.350000381469727,24.96999931335449,24.280000686645508,24.76000022888184,63734400.0,-0.0232651390535939,-0.023540044582067,0.0368886424300648,0.0337134410241291,66.5474146887728,0.8447079066242118,0.6705468630020566,0.1741610436221552,0.9854052662596116,2.512412686663086,0.0,False,False,0,0.0,-0.023265139053593953,-0.0,0.0,0.0,-0.0,1.0,1.0
2025-09-02,24.209999084472656,24.239999771118164,23.68000030517578,23.8799991607666,57661800.0,-0.0057495398276712,-0.0057661320608217,0.0371075442145167,0.0336671143819689,61.8110241394167,0.7997149025040358,0.6963804709024524,0.1033344316015834,0.9797396394348552,2.512412686663086,0.0,False,False,0,0.0,-0.005749539827671235,-0.0,0.0,0.0,-0.0,1.0,1.0
2025-09-03,24.0,24.09000015258789,23.71999931335449,24.09000015258789,47822900.0,-0.0086740641228417,-0.0087119027859388,0.0369239632550647,0.0337053252761625,58.9357489514846,0.7385983494889352,0.704824046619749,0.0337743028691862,0.9712413149787072,2.512412686663086,0.0,False,False,0,0.0,-0.008674064122841774,-0.0,0.0,0.0,-0.0,1.0,1.0
2025-09-04,24.61000061035156,24.63999938964844,23.75,23.850000381469727,59056500.0,0.0254166920979816,0.0250990588559756,0.0370988587221669,0.0337494242948284,54.199329757854194,0.7309589523742197,0.7100510277706432,0.0209079246035764,0.99592705643436,2.512412686663086,0.0,False,False,0,0.0,0.025416692097981697,0.0,0.0,0.0,0.0,1.0,1.0
2025-09-05,24.489999771118164,24.709999084472656,24.170000076293945,24.600000381469727,55975300.0,-0.0048761006199617,-0.0048880275857756,0.0359995530559262,0.0323145223729658,49.5808400741559,0.7070709366631718,0.709455009549149,-0.0023840728859771,0.9910708158970436,2.512412686663086,0.0,False,True,-1,0.0,-0.0048761006199617984,-0.0,0.0,0.0,-0.0,1.0,1.0
2025-09-08,24.479999542236328,24.739999771118164,24.1200008392334,24.479999542236328,51122100.0,-0.0004083392803306,-0.0004084226735168,0.0360938299141475,0.0311477766227279,55.49597718135769,0.679499727330171,0.7034639531053535,-0.0239642257751824,0.9906661227533234,2.512412686663086,0.0,False,False,0,0.0,-0.0004083392803306829,-0.0,0.0,0.0,-0.0,1.0,1.0
2025-09-09,24.440000534057617,24.809999465942383,24.270000457763672,24.530000686645508,42146200.0,-0.001633946443083,-0.0016352827894499,0.0357307150664062,0.0311539061347844,42.56410975375959,0.6469639617891474,0.6921639548421124,-0.0451999930529649,0.9890474273657678,2.512412686663086,0.0,False,False,0,0.0,-0.001633946443083012,-0.0,0.0,0.0,-0.0,1.0,1.0
2025-09-10,24.770000457763672,24.8700008392334,24.280000686645508,24.420000076293945,61600700.0,0.0135024515750805,0.0134121058266569,0.0340016031648612,0.0308670926474682,63.94557352375106,0.6404249489482119,0.6818161536633323,-0.0413912047151203,1.002401992359232,2.512412686663086,0.0,False,False,0,0.0,0.013502451575080565,0.0,0.0,0.0,0.0,1.0,1.0
2025-09-11,24.61000061035156,24.93000030517578,24.56999969482422,24.76000022888184,55536900.0,-0.006459420446315,-0.0064803727779145,0.0340065681478352,0.0307065078296034,62.25166566737848,0.6152399801317188,0.6685009189570096,-0.0532609388252908,0.9959270564343596,2.512412686663086,0.0,False,False,0,0.0,-0.0064594204463150895,-0.0,0.0,0.0,-0.0,1.0,1.0
2025-09-12,24.07999992370605,24.6299991607666,24.049999237060547,24.61000061035156,52672800.0,-0.0215359883584308,-0.0217712719316542,0.0304479765010065,0.0308737336947006,40.42554162864223,0.5462176280771978,0.6440442607810473,-0.0978266327038495,0.9744787829411432,2.512412686663086,0.0,False,False,0,0.0,-0.021535988358430846,-0.0,0.0,0.0,-0.0,1.0,1.0
2025-09-15,24.770000457763672,25.459999084472656,24.21999931335449,24.32999992370605,83951600.0,0.028654507319094,0.0282516447095688,0.0304147530838848,0.0308040955428035,52.61906167546923,0.5409583620552958,0.6234270810358971,-0.0824687189806012,1.002401992359232,2.512412686663086,0.0,False,False,0,0.0,0.028654507319094025,0.0,0.0,0.0,0.0,1.0,1.0
2025-09-16,25.270000457763672,25.34000015258789,24.690000534057617,24.81999969482422,60336600.0,0.0201857081453256,0.0199846775331726,0.0293625479022215,0.0307476843169302,60.22221873719163,0.5705591267155654,0.6128534901718308,-0.0422943634562653,1.0226361864212885,2.512412686663086,0.0,False,False,0,0.0,0.02018570814532561,0.0,0.0,0.0,0.0,1.0,1.0
2025-09-17,24.89999961853028,25.26000022888184,24.450000762939453,25.07999992370605,63093700.0,-0.0146419007728874,-0.0147501513644159,0.0251326509410876,0.0308355313721248,50.57207329102548,0.5577327742260394,0.6018293469826725,-0.0440965727566331,1.0076628488529438,2.512412686663086,0.0,False,False,0,0.0,-0.014641900772887295,-0.0,0.0,0.0,-0.0,1.0,1.0
2025-09-18,30.56999969482422,32.380001068115234,30.15999984741211,31.780000686645508,523908000.0,0.2277108499260536,0.2051513377692986,0.0537240245521166,0.0416509452381724,78.31324170657865,0.9936354070029836,0.6801905589867348,0.3134448480162488,1.237118612604156,2.512412686663086,0.0,True,False,-1,0.0,0.2277108499260534,0.0,0.0,0.0,0.0,1.0,1.0
2025-09-19,29.57999992370605,30.6299991607666,29.32999992370605,30.3799991607666,225702900.0,-0.032384683709558,-0.0329206712164786,0.0546374449288236,0.0418542366691225,75.2169631486363,1.2448567425993886,0.7931237957092656,0.451732946890123,1.197054917623763,2.512412686663086,0.0,False,False,-1,0.0,-0.03238468370955805,-0.0,0.0,0.0,-0.0,1.0,1.0
2025-09-22,28.76000022888184,30.100000381469727,28.729999542236328,29.670000076293945,130314500.0,-0.027721423155483,-0.0281129138922273,0.0543936815103445,0.0420601759304637,70.58823834018918,1.362083092637956,0.9069156550950038,0.4551674375429523,1.1638708517119627,2.512412686663086,0.0,False,False,-1,0.0,-0.027721423155483094,-0.0,0.0,0.0,-0.0,1.0,1.0
2025-09-23,29.34000015258789,30.200000762939453,28.81999969482422,28.989999771118164,126317900.0,0.0201668956568223,0.0199662371043283,0.0542648875810876,0.042104048495542,73.3800316332547,1.484672584814092,1.0224670410388217,0.4622055437752705,1.1873425137364548,2.512412686663086,0.0,False,False,-1,0.0,0.020166895656822392,0.0,0.0,0.0,0.0,1.0,1.0
2025-09-24,31.21999931335449,31.700000762939453,29.229999542236328,29.3799991607666,164458500.0,0.0640763173479661,0.0621071151780019,0.0553719037371952,0.0427151845673893,76.04412302924229,1.7137705805709125,1.1607277489452397,0.5530428316256728,1.2634230494473635,2.512412686663086,0.0,False,False,-1,0.0,0.06407631734796615,0.0,0.0,0.0,0.0,1.0,1.0
2025-09-25,33.9900016784668,34.25,31.209999084472656,31.61000061035156,295709300.0,0.088725253876845,0.0850075199957021,0.0578519255934737,0.0439883011749532,80.96479997274508,2.094702012861472,1.3475226017284865,0.7471794111329855,1.3755205802634387,2.512412686663086,0.0,False,False,-1,0.0,0.08872525387684504,0.0,0.0,0.0,0.0,1.0,1.0
2025-09-26,35.5,36.29999923706055,34.4900016784668,35.02000045776367,268583300.0,0.0444247792576548,0.0434662833921524,0.0580605982150104,0.0437441700778918,82.71971602705175,2.48973702377711,1.575965486138211,0.9137715376388988,1.4366277784060033,2.512412686663086,0.0,False,False,-1,0.0,0.04442477925765487,0.0,0.0,0.0,0.0,1.0,1.0
2025-09-29,34.47999954223633,35.04999923706055,33.72999954223633,34.52000045776367,152605900.0,-0.0287324072609485,-0.0291532639620863,0.0582838735774592,0.0439397994159339,78.17058952159272,2.689496759074288,1.7986717407254265,0.8908250183488615,1.3953500039944504,2.512412686663086,0.0,False,False,-1,0.0,-0.0287324072609485,-0.0,0.0,0.0,-0.0,1.0,1.0
2025-09-30,33.54999923706055,34.2400016784668,33.02000045776367,33.93000030517578,124818400.0,-0.0269721669815156,-0.0273425918419643,0.0589476421328503,0.0440045033578556,73.83278456509868,2.7411660799446693,1.9871706085692755,0.753995471375394,1.3577143906890536,2.512412686663086,0.0,False,False,-1,0.0,-0.02697216698151561,-0.0,0.0,0.0,-0.0,1.0,1.0
2025-10-01,35.939998626708984,36.060001373291016,33.5,33.529998779296875,162649700.0,0.0712369431892074,0.0688140024674357,0.0597514365075163,0.0439790388972431,77.43340721345348,2.941064603676104,2.177949407590641,0.7631151960854625,1.454433813605739,2.512412686663086,0.0,False,False,-1,0.0,0.07123694318920748,0.0,0.0,0.0,0.0,1.0,1.0
2025-10-02,37.29999923706055,37.56999969482422,35.439998626708984,35.7599983215332,149361700.0,0.03784086428264,0.0371424630508738,0.0598540167920796,0.0441055253162635,80.77280824301327,3.172653927611382,2.376890311594789,0.7957636160165924,1.5094708461544766,2.512412686663086,0.0,False,False,-1,0.0,0.03784086428264,0.0,0.0,0.0,0.0,1.0,1.0
2025-10-03,36.83000183105469,38.08000183105469,36.45000076293945,37.95000076293945,125359300.0,-0.0126004669066823,-0.0126805260222648,0.0600649063089213,0.0441788461602055,78.36312870513268,3.2804502837469727,2.557602306025226,0.7228479777217465,1.4904508087109052,2.512412686663086,0.0,False,False,-1,0.0,-0.012600466906682373,-0.0,0.0,0.0,-0.0,1.0,1.0
2025-10-06,36.59000015258789,38.68000030517578,36.43000030517578,37.18999862670898,112086100.0,-0.0065164720753402,-0.006537796972041,0.0602011338857152,0.0441042153513286,76.95238022577196,3.308376636468424,2.707757172113866,0.6006194643545579,1.4807383276362722,2.512412686663086,0.0,False,False,-1,0.0,-0.006516472075340229,-0.0,0.0,0.0,-0.0,1.0,1.0
2025-10-07,37.16999816894531,38.04999923706055,36.34999847412109,36.63999938964844,111140200.0,0.01585127121997,0.0157269518462093,0.0599684069376381,0.0440763744173767,78.92503579314194,3.338821607723503,2.833970059235793,0.5048515484877094,1.5042099124734398,2.512412686663086,0.0,False,False,-1,0.0,0.015851271219970098,0.0,0.0,0.0,0.0,1.0,1.0
2025-10-08,37.43000030517578,37.790000915527344,35.90999984741211,36.54999923706055,103202100.0,0.0069949461673015,0.0069705950220453,0.0600387817301448,0.0439546440327321,71.70886373924854,3.3453661674918926,2.9362492808870133,0.4091168866048793,1.5147317798355129,2.512412686663086,0.0,False,False,-1,0.0,0.006994946167301563,0.0,0.0,0.0,0.0,1.0,1.0
2025-10-09,37.79999923706055,38.09999847412109,36.86000061035156,37.52999877929688,89884700.0,0.0098850902716558,0.0098365523723806,0.059735537638917,0.0438828169004069,77.07509941019198,3.341885424925273,3.017376509694665,0.324508915230608,1.5297050402165329,2.512412686663086,0.0,False,False,-1,0.0,0.00988509027165585,0.0,0.0,0.0,0.0,1.0,1.0
2025-10-10,36.369998931884766,39.650001525878906,36.29999923706055,38.459999084472656,183063300.0,-0.0378306966676802,-0.0385648528110906,0.0604846965643552,0.0443023115461287,74.09752748895423,3.187000084610609,3.051301224677854,0.1356988599327553,1.4718352328490796,2.512412686663086,0.0,False,False,-1,0.0,-0.03783069666768024,-0.0,0.0,0.0,-0.0,1.0,1.0
2025-10-13,37.220001220703125,37.5099983215332,36.27999877929688,36.43999862670898,104020700.0,0.0233709737085854,0.0231020543802036,0.0604675583364027,0.0443392444301727,74.53300247290224,3.0971385323654275,3.060468686215369,0.0366698461500583,1.506233455379365,2.512412686663086,0.0,False,False,-1,0.0,0.02337097370858543,0.0,0.0,0.0,0.0,1.0,1.0
2025-10-14,35.630001068115234,36.54999923706055,34.689998626708984,36.0,117908300.0,-0.0427189709951829,-0.0436582744153524,0.0621868576090075,0.0448369987570426,63.98224823515852,2.8646015372960605,3.021295256431508,-0.1566937191354473,1.4418887120870398,2.512412686663086,0.0,False,True,-1,0.0,-0.04271897099518296,-0.0,0.0,0.0,-0.0,1.0,1.0
2025-10-15,37.150001525878906,37.4900016784668,35.63999938964844,36.400001525878906,99242700.0,0.0426606907717412,0.0417758026415047,0.0618741617294241,0.0450417118751582,60.88154183122802,2.7710229989032413,2.9712408049258547,-0.2002178060226134,1.5034006805606492,2.512412686663086,0.0,False,False,0,0.0,0.04266069077174128,0.0,0.0,0.0,0.0,1.0,1.0
2025-10-16,36.84000015258789,38.02000045776367,36.40999984741211,37.150001525878906,83357800.0,-0.008344585748538,-0.0083795967082096,0.0387283240647659,0.0450950564861804,55.03002927750742,2.641398416265673,2.905272327193819,-0.2638739109281456,1.4908554246673005,2.512412686663086,0.0,False,False,0,0.0,-0.008344585748538025,-0.0,0.0,0.0,-0.0,1.0,1.0
2025-10-17,37.0099983215332,38.380001068115234,36.08000183105469,36.36000061035156,119394700.0,0.0046144996808141,0.0046038855173393,0.0374563949893674,0.0447088993475403,60.14434054383445,2.5233003958670324,2.8288779409284617,-0.3055775450614293,1.497734976548568,2.512412686663086,0.0,False,False,0,0.0,0.004614499680814177,0.0,0.0,0.0,0.0,1.0,1.0
2025-10-20,38.09999847412109,38.52000045776367,37.560001373291016,37.56999969482422,80230200.0,0.0294515050532628,0.0290261410369856,0.0364396099052296,0.0430228055825162,68.01266370652625,2.4889694758652183,2.760896247915813,-0.2719267720505951,1.5418455257788366,2.512412686663086,0.0,False,False,0,0.0,0.029451505053262883,0.0,0.0,0.0,0.0,1.0,1.0
2025-10-21,38.119998931884766,38.34999847412109,37.66999816894531,38.13999938964844,73134900.0,0.0005249464190206,0.0005248086828499,0.0365512797106794,0.0430161637554713,60.62378095165151,2.435303185020274,2.6957776353367056,-0.2604744503164315,1.5426549120662774,2.512412686663086,0.0,False,False,0,0.0,0.0005249464190206776,0.0,0.0,0.0,0.0,1.0,1.0
2025-10-22,36.91999816894531,37.93000030517578,36.040000915527344,37.84000015258789,87099900.0,-0.0314795591963077,-0.0319856907267364,0.0358721104255809,0.0432565793906997,48.11880701979676,2.2697776463173014,2.610577637532825,-0.3407999912155235,1.494092815442412,2.512412686663086,0.0,False,False,0,0.0,-0.03147955919630774,-0.0,0.0,0.0,-0.0,1.0,1.0
2025-10-23,38.15999984741211,38.400001525878906,36.43000030517578,36.59999847412109,121974200.0,0.0335861793056588,0.0330344825419985,0.0312442304863063,0.0433142623381739,56.11774247264527,2.21314349608506,2.531090809243272,-0.317947313158212,1.5442736846411576,2.512412686663086,0.0,False,False,0,0.0,0.03358617930565888,0.0,0.0,0.0,0.0,1.0,1.0
2025-10-24,38.27999877929688,41.119998931884766,37.83000183105469,40.02000045776367,246380000.0,0.0031446261101835,0.0031396921145057,0.029926211868066,0.0430420232249006,57.86045593955254,2.153123566724844,2.4554973607395865,-0.3023737940147426,1.5491298479911495,2.512412686663086,0.0,False,False,0,0.0,0.0031446261101835127,0.0,0.0,0.0,0.0,1.0,1.0
2025-10-27,39.540000915527344,40.66999816894531,38.22999954223633,38.38999938964844,160007600.0,0.0329154173565939,0.0323853062009735,0.0295280385500988,0.0428531801139245,60.36745888606912,2.1820753757661464,2.4008129637448987,-0.2187375879787523,1.6001201034773351,2.512412686663086,0.0,False,False,0,0.0,0.03291541735659398,0.0,0.0,0.0,0.0,1.0,1.0
2025-10-28,41.52999877929688,42.47999954223633,39.540000915527344,39.59000015258789,181256400.0,0.0503287257888773,0.0491031873524465,0.0298657437790514,0.0431227121049204,65.57749746653157,2.3386377295235263,2.3883779169006245,-0.0497401873770981,1.680652109394516,2.512412686663086,0.0,False,False,0,0.0,0.05032872578887737,0.0,0.0,0.0,0.0,1.0,1.0
2025-10-29,41.34000015258789,42.040000915527344,40.91999816894531,41.59999847412109,106962900.0,-0.0045749730867727,-0.0045854703047076,0.026453648354873,0.0430881439144903,63.636363636363626,2.419492814473194,2.394600896415138,0.024891918058056,1.6729631712258082,2.512412686663086,0.0,True,False,0,0.0,-0.004574973086772793,-0.0,0.0,0.0,-0.0,1.0,1.0
2025-10-30,40.15999984741211,41.43000030517578,40.11000061035156,40.970001220703125,84855500.0,-0.0285437905375023,-0.0289590863606949,0.0265915800539392,0.043418366916235,64.88609550704894,2.3611371693402674,2.3879081510001647,-0.0267709816598973,1.6252104608893831,2.512412686663086,0.0,False,True,-1,0.0,-0.028543790537502334,-0.0,0.0,0.0,-0.0,1.0,1.0
2025-10-31,39.9900016784668,40.83000183105469,39.790000915527344,40.68000030517578,80471400.0,-0.0042330221511758,-0.0042420067530852,0.0263810488134719,0.0430970319431399,61.493778560766856,2.274948280965951,2.365316176993322,-0.090367896027371,1.6183309090081155,2.512412686663086,0.0,False,False,0,0.0,-0.004233022151175825,-0.0,0.0,0.0,-0.0,1.0,1.0
2025-11-03,39.5,40.45000076293945,39.04999923706055,40.25,61267500.0,-0.0122531047236901,-0.0123287929238129,0.026537331736505,0.0432149912689334,67.67122676823396,2.1424075846016493,2.320734458514988,-0.1783268739133383,1.5985013309024547,2.512412686663086,0.0,False,False,0,0.0,-0.012253104723690122,-0.0,0.0,0.0,-0.0,1.0,1.0
2025-11-04,37.02999877929688,38.25,36.630001068115234,38.13999938964844,102250300.0,-0.0625316764734966,-0.0645723099468029,0.0302493550768367,0.0441699958939321,49.49578684371992,1.8171131230111115,2.2200101914142127,-0.4028970684031012,1.498544362836009,2.512412686663086,0.0,False,False,0,0.0,-0.06253167647349667,-0.0,0.0,0.0,-0.0,1.0,1.0
2025-11-05,38.380001068115234,38.68999862670898,37.11000061035156,37.41999816894531,74631600.0,0.036456989827748,0.035808156449276,0.0312945210901344,0.0438983229651503,55.95054337315869,1.649237438274561,2.1058556407862827,-0.4566182025117218,1.5531767794283502,2.512412686663086,0.0,False,False,0,0.0,0.03645698982774803,0.0,0.0,0.0,0.0,1.0,1.0
2025-11-06,37.2400016784668,39.84000015258789,36.79999923706055,38.34000015258789,77629900.0,-0.0297029535675419,-0.0301530209290725,0.0319951332312692,0.0441858230654739,50.82675519906627,1.4079760537565988,1.966279723380346,-0.5583036696237471,1.5070428416668056,2.512412686663086,0.0,False,False,0,0.0,-0.029702953567541934,-0.0,0.0,0.0,-0.0,1.0,1.0
2025-11-07,38.130001068115234,38.27000045776367,36.970001220703125,37.2599983215332,95521400.0,0.0238990158306855,0.0236179044014588,0.0311460066981043,0.0434187039848512,50.10941862746055,1.2739053926531554,1.827804857234908,-0.5538994645817525,1.543059682397322,2.512412686663086,0.0,False,False,0,0.0,0.023899015830685544,0.0,0.0,0.0,0.0,1.0,1.0
2025-11-10,38.45000076293945,39.52999877929688,37.970001220703125,38.93000030517578,77820300.0,0.008392333749285,0.008357313912096,0.0308042609550631,0.0433342020405354,51.17773654795272,1.1798738772144617,1.6982186612308188,-0.5183447840163571,1.556009554247066,2.512412686663086,0.0,False,False,0,0.0,0.008392333749285052,0.0,0.0,0.0,0.0,1.0,1.0
2025-11-11,37.880001068115234,38.220001220703125,37.4900016784668,38.150001525878906,53741900.0,-0.0148244391030967,-0.0149354192788146,0.0292620428448436,0.0430406238186056,53.587454493772896,1.0472865447085482,1.568032237926365,-0.5207456932178167,1.5329425853662937,2.512412686663086,0.0,False,False,0,0.0,-0.01482443910309672,-0.0,0.0,0.0,-0.0,1.0,1.0
2025-11-12,37.88999938964844,38.20000076293945,37.34999847412109,38.060001373291016,53876000.0,0.0002639472347221,0.0002639124067793,0.0277715666092215,0.0422996555281803,48.88888679577614,0.9322702779990522,1.4408798459409025,-0.5086095679418503,1.533347201322689,2.512412686663086,0.0,False,False,0,0.0,0.00026394723472211723,0.0,0.0,0.0,0.0,1.0,1.0
2025-11-13,35.90999984741211,37.310001373291016,35.45000076293945,37.27000045776367,95593200.0,-0.0522565208268983,-0.0536714049331803,0.030207697758378,0.0418094273708567,41.54175868728652,0.6735849741821767,1.2874208715891573,-0.6138358974069806,1.4532198113619037,2.512412686663086,0.0,False,False,0,0.0,-0.052256520826898356,-0.0,0.0,0.0,-0.0,1.0,1.0
2025-11-14,35.52000045776367,36.09999847412109,34.619998931884766,35.029998779296875,71716200.0,-0.0108604675941412,-0.0109198729773556,0.0302587488252074,0.0418616471662928,34.70318945378104,0.4321240586365178,1.1163615089986296,-0.6842374503621118,1.4374371646934434,2.512412686663086,0.0,False,False,0,0.0,-0.010860467594141276,-0.0,0.0,0.0,-0.0,1.0,1.0
2025-11-17,34.709999084472656,35.72999954223633,34.22999954223633,35.45000076293945,72580100.0,-0.0228040924226388,-0.0230681275142377,0.0296857044021552,0.0415697772685636,21.488293407653984,0.1734052937882211,0.927770265956548,-0.7543649721683269,1.404657714738038,2.512412686663086,0.0,False,False,0,0.0,-0.02280409242263881,-0.0,0.0,0.0,-0.0,1.0,1.0
2025-11-18,34.33000183105469,34.7599983215332,33.56999969482422,34.25,61504800.0,-0.0109477748038304,-0.0110081426907551,0.0296998779696923,0.0415757583402709,21.15226484741676,-0.0615838931181542,0.7298994341416075,-0.7914833272597618,1.3892798384006229,2.512412686663086,0.0,False,False,0,0.0,-0.010947774803830468,-0.0,0.0,0.0,-0.0,1.0,1.0
2025-11-19,35.11000061035156,35.75,34.25,34.33000183105469,67115500.0,0.0227206157207744,0.022466346757854,0.0296101076225156,0.0415837223170895,28.510634567791385,-0.1827682948459852,0.547365888344089,-0.7301341831900742,1.420845131737543,2.512412686663086,0.0,False,False,0,0.0,0.02272061572077444,0.0,0.0,0.0,0.0,1.0,1.0
2025-11-20,33.619998931884766,36.68000030517578,33.47999954223633,36.0,96389100.0,-0.0424380989052872,-0.0433649113540854,0.0296687111251073,0.0420263936610326,25.631205450201392,-0.3944910421190215,0.3589945022514669,-0.7534855443704884,1.3605471655077692,2.512412686663086,0.0,False,False,0,0.0,-0.04243809890528727,-0.0,0.0,0.0,-0.0,1.0,1.0
2025-11-21,34.5,34.97999954223633,32.88999938964844,33.5099983215332,105641700.0,0.0261749284971171,0.0258382278270783,0.0304739274350294,0.0421063439256137,31.42644747365561,-0.4856755476016019,0.1900604922808531,-0.675736039882455,1.3961593902818903,2.512412686663086,0.0,False,False,0,0.0,0.02617492849711711,0.0,0.0,0.0,0.0,1.0,1.0
2025-11-24,35.790000915527344,36.15999984741211,34.689998626708984,34.970001220703125,103804200.0,0.0373913308848505,0.0367092263211548,0.0307799235543257,0.0421139921425305,44.95114826126824,-0.4486755794606836,0.0623132779325457,-0.5109888573932294,1.448363648011912,2.512412686663086,0.0,False,False,0,0.0,0.03739133088485058,0.0,0.0,0.0,0.0,1.0,1.0
2025-11-25,35.83000183105469,36.130001068115234,34.68000030517578,35.54999923706055,62203300.0,0.0011176561750236,0.0011170320623463,0.0280068267391514,0.0420873729275624,38.37739361877846,-0.4113829321918487,-0.0324259640923331,-0.3789569680995156,1.4499824205867924,2.512412686663086,0.0,False,False,0,0.0,0.0011176561750236846,0.0,0.0,0.0,0.0,1.0,1.0
2025-11-26,36.810001373291016,37.2400016784668,36.130001068115234,36.20000076293945,54563400.0,0.0273513673501111,0.0269840022776661,0.0290417232082051,0.0421115752342668,48.01109897183122,-0.2993003199117581,-0.0858008352562181,-0.2134994846555399,1.489641422423465,2.512412686663086,0.0,False,False,0,0.0,0.027351367350111122,0.0,0.0,0.0,0.0,1.0,1.0
2025-11-28,40.560001373291016,40.59000015258789,37.34000015258789,37.400001525878906,95799500.0,0.101874486826859,0.0970128084427051,0.0370929780820419,0.0437725072056249,58.888078385760544,0.0910698215602465,-0.0504267038929251,0.1414965254531717,1.641397877888888,2.512412686663086,0.0,True,False,0,0.0,0.10187448682685907,0.0,0.0,0.0,0.0,1.0,1.0
2025-12-01,40.0099983215332,40.380001068115234,39.59999847412109,39.86000061035156,74534900.0,-0.0135602325723783,-0.0136530122232261,0.0372224891161683,0.0438343023797623,55.611501393324886,0.352002653951537,0.0300591676759672,0.3219434862755698,1.6191401409209063,2.512412686663086,0.0,False,False,0,0.0,-0.013560232572378372,-0.0,0.0,0.0,-0.0,1.0,1.0
2025-12-02,43.470001220703125,43.68000030517578,40.04999923706055,40.470001220703125,167205800.0,0.0864784564939049,0.0829416921642471,0.0416961588883386,0.0449362183484989,66.64680934402902,0.8284374102722083,0.1897348161952154,0.6387025940769928,1.75916088115507,2.512412686663086,0.0,False,False,0,0.0,0.08647845649390495,0.0,0.0,0.0,0.0,1.0,1.0
2025-12-03,43.7599983215332,44.02000045776367,42.5099983215332,43.38999938964844,91957200.0,0.0066712006599154,0.0066490466753288,0.0384921354262916,0.0449108424068672,67.19390077632536,1.215405293948386,0.3948689117458496,0.8205363822025366,1.7708965963863292,2.512412686663086,0.0,False,False,0,0.0,0.006671200659915444,0.0,0.0,0.0,0.0,1.0,1.0
2025-12-04,40.5,43.27999877929688,40.13999938964844,43.2599983215332,107850200.0,-0.0744972222708939,-0.0774181456450433,0.0421582931219864,0.0462347129132192,62.506810844881535,1.244677641048746,0.5648306576064288,0.6798469834423171,1.6389697190265673,2.512412686663086,0.0,False,False,0,0.0,-0.07449722227089395,-0.0,0.0,0.0,-0.0,1.0,1.0
2025-12-05,41.40999984741211,42.83000183105469,41.150001525878906,41.15999984741211,103042000.0,0.0224691320348668,0.0222204197601749,0.0416047146822748,0.0462192715220557,65.60677936497731,1.3260200359659606,0.7170685332783352,0.6089515026876254,1.675795946044524,2.512412686663086,0.0,False,False,0,0.0,0.02246913203486689,0.0,0.0,0.0,0.0,1.0,1.0
2025-12-08,40.29999923706055,42.119998931884766,39.70000076293945,41.93999862670898,93953600.0,-0.0268051343743468,-0.027170943851531,0.0420079016484596,0.0462845905603694,64.58007192007005,1.286091435876294,0.830873113797927,0.455218322078367,1.6308760105268147,2.512412686663086,0.0,False,False,0,0.0,-0.02680513437434684,-0.0,0.0,0.0,-0.0,1.0,1.0
2025-12-09,40.5,41.2599983215332,40.02999877929688,40.72999954223633,61877200.0,0.0049627981817808,0.0049505240913561,0.0419942881622965,0.0462204134266337,66.2453827914014,1.256106508794076,0.915919792797157,0.3401867159969192,1.638969719026567,2.512412686663086,0.0,False,False,0,0.0,0.004962798181780803,0.0,0.0,0.0,0.0,1.0,1.0
2025-12-10,40.77999877929688,40.9900016784668,38.88999938964844,40.11000061035156,75974900.0,0.0069135501060959,0.0068897610999476,0.0417778742356517,0.0461987934991496,65.3326027162122,1.2406355254252048,0.9808629393227666,0.2597725861024382,1.6503008183014312,2.512412686663086,0.0,False,False,0,0.0,0.006913550106095956,0.0,0.0,0.0,0.0,1.0,1.0
2025-12-11,39.5099983215332,40.18999862670898,39.08000183105469,40.06999969482422,59096800.0,-0.031142729175569,-0.0316379732712177,0.0425294056085771,0.0463906173779301,66.11931585184863,1.1130655101957885,1.007303453497371,0.1057620566984174,1.5989059468588498,2.512412686663086,0.0,False,False,0,0.0,-0.03114272917556904,-0.0,0.0,0.0,-0.0,1.0,1.0
2025-12-12,37.810001373291016,40.02999877929688,37.619998931884766,39.25,87784500.0,-0.0430270063391948,-0.043980107717541,0.0419450108829059,0.0369318948271772,58.66946397808776,0.8648206931597429,0.9788069014298456,-0.1139862082701026,1.5301098105475777,2.512412686663086,0.0,False,True,-1,0.0,-0.04302700633919487,-0.0,0.0,0.0,-0.0,1.0,1.0
2025-12-15,37.5099983215332,38.47999954223633,37.31999969482422,38.33000183105469,60898500.0,-0.0079344893113316,-0.0079661348770692,0.0418977225565471,0.036655115891587,54.751373448909504,0.636539516787181,0.9103534245013128,-0.2738139077141317,1.5179691706106242,2.512412686663086,0.0,False,False,0,0.0,-0.007934489311331672,-0.0,0.0,0.0,-0.0,1.0,1.0
2025-12-16,37.310001373291016,37.959999084472656,36.91999816894531,37.58000183105469,50490300.0,-0.0053318303703409,-0.0053460953059616,0.0414995899109756,0.0364336074240281,54.05257305114598,0.4344785591792472,0.8151784514368997,-0.3806998922576524,1.5098756164855214,2.512412686663086,0.0,False,False,0,0.0,-0.0053318303703409065,-0.0,0.0,0.0,-0.0,1.0,1.0
2025-12-17,36.04999923706055,37.84000015258789,35.970001220703125,37.59000015258789,54792000.0,-0.0337711629550477,-0.0343545814730625,0.0422514702034901,0.0367171481779161,47.95037190210179,0.1707043785714006,0.6862836368638,-0.5155792582923994,1.4588853609993355,2.512412686663086,0.0,False,False,0,0.0,-0.033771162955047784,-0.0,0.0,0.0,-0.0,1.0,1.0
2025-12-18,36.27999877929688,37.4900016784668,35.66999816894531,37.380001068115234,69468400.0,0.0063800151762525,0.0063597490326232,0.0420130922781218,0.0358652027495998,35.752322025456934,-0.0195541114537434,0.5451160872002914,-0.5646701986540348,1.468193071742924,2.512412686663086,0.0,False,False,0,0.0,0.006380015176252529,0.0,0.0,0.0,0.0,1.0,1.0
2025-12-19,36.81999969482422,37.58000183105469,36.43999862670898,36.47999954223633,163221300.0,0.0148842594734452,0.0147745759164039,0.0407241602658148,0.0341018634414913,39.37375421910395,-0.1253171960017027,0.4110294305598925,-0.5363466265615953,1.4900460383798602,2.512412686663086,0.0,False,False,0,0.0,0.014884259473445294,0.0,0.0,0.0,0.0,1.0,1.0
2025-12-22,36.369998931884766,37.900001525878906,36.290000915527344,37.88999938964844,51685400.0,-0.0122216395075829,-0.0122969378857482,0.0405946062917408,0.0336862057881506,20.41664772562912,-0.2426493920956858,0.2802936660287769,-0.5229430581244627,1.4718352328490794,2.512412686663086,0.0,False,False,0,0.0,-0.012221639507582926,-0.0,0.0,0.0,-0.0,1.0,1.0
2025-12-23,36.34999847412109,36.79999923706055,36.02999877929688,36.2400016784668,35958000.0,-0.0005499163692893,-0.0005500676287519,0.0398018136088988,0.0334609573293288,18.414321668424435,-0.3334065692319967,0.1575536189766221,-0.4909601882086189,1.4710258465616388,2.512412686663086,0.0,False,False,0,0.0,-0.0005499163692893605,-0.0,0.0,0.0,-0.0,1.0,1.0
2025-12-24,36.15999984741211,36.18000030517578,34.95000076293945,35.16999816894531,37443800.0,-0.0052269225497834,-0.005240630697938,0.0398304046315437,0.0332653553126705,24.94226195693977,-0.4158697002388578,0.0428689551335261,-0.458738655372384,1.4633369083929315,2.512412686663086,0.0,False,False,0,0.0,-0.005226922549783408,-0.0,0.0,0.0,-0.0,1.0,1.0
2025-12-26,36.20000076293945,36.4900016784668,35.849998474121094,36.16999816894531,28779400.0,0.0011062200137206,0.0011056086032228,0.039352802371774,0.0319914666442594,16.559701719111047,-0.4725473543447478,-0.0602143067621286,-0.4123330475826192,1.464955680967812,2.512412686663086,0.0,False,False,0,0.0,0.0011062200137206268,0.0,0.0,0.0,0.0,1.0,1.0
2025-12-29,36.68000030517578,36.79999923706055,35.81999969482422,36.0099983215332,38062300.0,0.0132596555834259,0.013172515800814,0.031462897956667,0.0316624242271933,24.720677311235136,-0.4732772069918241,-0.1428268868080677,-0.3304503201837563,1.4843804887424283,2.512412686663086,0.0,False,False,0,0.0,0.0132596555834259,0.0,0.0,0.0,0.0,1.0,1.0
2025-12-30,37.29999923706055,38.2599983215332,36.81999969482422,36.90999984741211,61935300.0,0.0169029151234025,0.0167616504874144,0.0317397596174476,0.0316891971649793,28.891810024000435,-0.4189969521690386,-0.1980608998802619,-0.2209360522887767,1.5094708461544764,2.512412686663086,0.0,False,False,0,0.0,0.016902915123402584,0.0,0.0,0.0,0.0,1.0,1.0
